0,ways,5.92682926829268,5.30,0.626829268,0.626829268
1,spa,7.07142857142857,6.92,0.151428571,0.151428571
2,party,7.30952380952381,7.58,-0.27047619,0.27047619
3,port,6.35714285714286,5.36,0.997142857,0.997142857
4,super,7.38095238095238,7.68,-0.299047619,0.299047619
5,past,5.21428571428571,4.62,0.594285714,0.594285714
6,sunshine,8.38095238095238,7.94,0.440952381,0.440952381
7,absolutely,6.73809523809524,6.30,0.438095238,0.438095238
8,alaska,6.90476190476191,5.64,1.264761905,1.264761905
9,april,6.52380952380952,6.36,0.163809524,0.163809524
10,floating,6.29268292682927,6.40,-0.107317073,0.107317073
11,starts,6.47619047619048,5.96,0.516190476,0.516190476
12,poland,5.88095238095238,5.88,0.000952381,0.000952381
13,products,5.73809523809524,5.76,-0.021904762,0.021904762
14,trains,6.61904761904762,6.18,0.439047619,0.439047619
15,greek,6.175,6.08,0.095,0.095
16,great,8.35,7.88,0.47,0.47
17,indonesia,4.7,5.08,-0.38,0.38
18,indian,5.475,6.26,-0.785,0.785
19,lot,5.05,5.78,-0.73,0.73
20,outdoor,7.375,6.94,0.435,0.435
21,drive,5.825,6.08,-0.255,0.255
22,path,6.325,5.82,0.505,0.505
23,spent,3.95,4.76,-0.81,0.81
24,chicago,5.15,5.84,-0.69,0.69
25,shot,3.125,2.50,0.625,0.625
26,colors,7.425,7.00,0.425,0.425
27,eyes,5.675,6.24,-0.565,0.565
28,credit,4.45,5.86,-1.41,1.41
29,meeting,4.525,5.46,-0.935,0.935
30,sunset,8,7.16,0.84,0.84
31,budget,4.02325581395349,5.08,-1.056744186,1.056744186
32,follow,5.11627906976744,5.66,-0.54372093,0.54372093
33,offer,6.55813953488372,6.62,-0.061860465,0.061860465
34,stop,3.58139534883721,3.90,-0.318604651,0.318604651
35,high,6.6046511627907,6.64,-0.035348837,0.035348837
36,heard,5.16279069767442,5.36,-0.197209302,0.197209302
37,chance,5.65116279069767,6.44,-0.788837209,0.788837209
38,fancy,6.62790697674419,6.96,-0.332093023,0.332093023
39,children,5.25581395348837,7.12,-1.864186047,1.864186047
40,minutes,4.41860465116279,5.28,-0.861395349,0.861395349
41,team,5.58139534883721,6.26,-0.678604651,0.678604651
42,priority,6.04651162790698,5.66,0.386511628,0.386511628
43,maine,6.23255813953488,5.82,0.41255814,0.41255814
44,dont,2.85714285714286,3.70,-0.842857143,0.842857143
45,door,5.37209302325581,5.38,-0.007906977,0.007906977
46,berlin,5.86046511627907,5.26,0.600465116,0.600465116
47,topic,5.21428571428571,5.42,-0.205714286,0.205714286
48,inspiring,7.46511627906977,7.34,0.125116279,0.125116279
49,architecture,6.58139534883721,6.40,0.181395349,0.181395349
50,moon,6.55813953488372,7.28,-0.721860465,0.721860465
51,blogs,5.46511627906977,5.84,-0.374883721,0.374883721
52,urban,5.88372093023256,5.84,0.04372093,0.04372093
53,louisiana,6.02325581395349,5.66,0.363255814,0.363255814
54,starting,6.25,6.50,-0.25,0.25
55,recommend,6.23684210526316,5.64,0.596842105,0.596842105
56,star,6.425,7.22,-0.795,0.795
57,search,5.15,5.44,-0.29,0.29
58,sale,7.05128205128205,6.58,0.471282051,0.471282051
59,texas,5.55,5.54,0.01,0.01
60,rich,6.9,7.98,-1.08,1.08
61,google,6,7.20,-1.2,1.2
62,wear,5.33333333333333,5.94,-0.606666667,0.606666667
63,bags,5.625,5.58,0.045,0.045
64,support,6.325,6.44,-0.115,0.115
65,tonight,6.3,6.14,0.16,0.16
66,fashion,5.775,6.36,-0.585,0.585
67,thanksgiving,6.575,7.40,-0.825,0.825
68,illinois,4.65,4.92,-0.27,0.27
69,holidays,7.86046511627907,7.96,-0.099534884,0.099534884
70,taking,4.85714285714286,5.32,-0.462857143,0.462857143
71,add,5.38095238095238,5.90,-0.519047619,0.519047619
72,season,6.62790697674419,5.96,0.667906977,0.667906977
73,wow,7.55813953488372,7.46,0.098139535,0.098139535
74,digital,5.37209302325581,6.12,-0.747906977,0.747906977
75,heritage,5.775,6.68,-0.905,0.905
76,easier,7.23809523809524,7.56,-0.321904762,0.321904762
77,couples,6.37209302325581,6.50,-0.127906977,0.127906977
78,station,5.27906976744186,5.16,0.119069767,0.119069767
79,personal,6.51162790697674,6.06,0.451627907,0.451627907
80,seattle,5.97674418604651,5.90,0.076744186,0.076744186
81,brown,4.6046511627907,5.44,-0.835348837,0.835348837
82,rural,5.90697674418605,5.78,0.126976744,0.126976744
83,alabama,4.34883720930233,5.48,-1.131162791,1.131162791
84,inspired,7.48717948717949,7.36,0.127179487,0.127179487
85,enjoy,8.26315789473684,7.66,0.603157895,0.603157895
86,break,6.15384615384615,5.04,1.113846154,1.113846154
87,capital,6.05128205128205,5.92,0.131282051,0.131282051
88,california,6.61538461538461,6.08,0.535384615,0.535384615
89,families,6.61538461538461,7.54,-0.924615385,0.924615385
90,hope,7.43589743589744,7.38,0.055897436,0.055897436
91,bar,5.69230769230769,5.82,-0.127692308,0.127692308
92,double,4.97368421052632,5.80,-0.826315789,0.826315789
93,spanish,5.61538461538461,5.82,-0.204615385,0.204615385
94,packing,5.45945945945946,5.28,0.179459459,0.179459459
95,classic,6.46153846153846,6.58,-0.118461538,0.118461538
96,random,4.76923076923077,5.02,-0.250769231,0.250769231
97,check,5.33333333333333,6.10,-0.766666667,0.766666667
98,india,4.82926829268293,6.42,-1.590731707,1.590731707
99,amazing,8.47619047619048,7.66,0.816190476,0.816190476
100,trips,7.38095238095238,6.98,0.400952381,0.400952381
101,land,6.71428571428571,6.18,0.534285714,0.534285714
102,yoga,5.58536585365854,7.04,-1.454634146,1.454634146
103,ireland,7.78571428571429,5.98,1.805714286,1.805714286
104,hey,5.6,6.06,-0.46,0.46
105,tricks,4.19512195121951,5.38,-1.184878049,1.184878049
106,savings,6.97619047619048,7.26,-0.283809524,0.283809524
107,afghanistan,2.5952380952381,3.56,-0.964761905,0.964761905
108,destination,7.4390243902439,6.40,1.03902439,1.03902439
109,street,5.46341463414634,5.44,0.023414634,0.023414634
110,apps,5.4390243902439,5.58,-0.14097561,0.14097561
111,job,3.78048780487805,5.96,-2.179512195,2.179512195
112,magic,7,6.80,0.2,0.2
113,missed,2.09756097560976,3.68,-1.582439024,1.582439024
114,ship,6.39024390243902,5.96,0.430243902,0.430243902
115,safety,6.75609756097561,6.18,0.576097561,0.576097561
116,toronto,6.73170731707317,5.82,0.911707317,0.911707317
117,danger,2.35,2.82,-0.47,0.47
118,easter,6.1219512195122,6.88,-0.75804878,0.75804878
119,temple,5.44736842105263,6.14,-0.692631579,0.692631579
120,pack,4.97435897435897,5.34,-0.365641026,0.365641026
121,found,6.28947368421053,6.54,-0.250526316,0.250526316
122,secrets,4.66666666666667,5.28,-0.613333333,0.613333333
123,picture,7.25641025641026,6.64,0.616410256,0.616410256
124,future,6.82051282051282,6.76,0.060512821,0.060512821
125,line,4.15384615384615,4.98,-0.826153846,0.826153846
126,quotes,5.35135135135135,5.60,-0.248648649,0.248648649
127,toronto,6.74358974358974,5.82,0.923589744,0.923589744
128,calling,5.74358974358974,5.74,0.003589744,0.003589744
129,disney,7.15384615384615,6.62,0.533846154,0.533846154
130,community,6.82051282051282,6.28,0.540512821,0.540512821
131,wanna,5.34285714285714,5.50,-0.157142857,0.157142857
132,apartment,5.07692307692308,5.60,-0.523076923,0.523076923
133,furniture,5.25641025641026,6.04,-0.783589744,0.783589744
134,news,4.72093023255814,5.60,-0.879069767,0.879069767
135,share,6.62790697674419,6.78,-0.152093023,0.152093023
136,tours,6.93023255813953,6.68,0.250232558,0.250232558
137,couple,7.16279069767442,7.30,-0.137209302,0.137209302
138,healthy,7.76744186046512,8.02,-0.25255814,0.25255814
139,buy,6.13953488372093,6.28,-0.140465116,0.140465116
140,worst,1.76744186046512,2.10,-0.33255814,0.33255814
141,archive,5.16666666666667,5.52,-0.353333333,0.353333333
142,d,8.02564102564103,4.72,3.305641026,3.305641026
143,visit,6.80487804878049,6.54,0.264878049,0.264878049
144,sand,7.30232558139535,5.86,1.442325581,1.442325581
145,kings,5.45238095238095,5.94,-0.487619048,0.487619048
146,massachusetts,5.72093023255814,5.58,0.140930233,0.140930233
147,time,5.09523809523809,5.74,-0.644761905,0.644761905
148,asia,6.24390243902439,6.22,0.023902439,0.023902439
149,france,6.95238095238095,6.32,0.632380952,0.632380952
150,ancient,6.21428571428571,5.60,0.614285714,0.614285714
151,site,5.97560975609756,5.32,0.655609756,0.655609756
152,airlines,5.19047619047619,5.60,-0.40952381,0.40952381
153,gardens,7.16666666666667,7.24,-0.073333333,0.073333333
154,bit,4.5,4.54,-0.04,0.04
155,hear,5.40476190476191,5.84,-0.435238095,0.435238095
156,keeping,5.19047619047619,6.10,-0.90952381,0.90952381
157,window,6.09523809523809,6.10,-0.004761905,0.004761905
158,peace,7.60975609756098,7.86,-0.250243902,0.250243902
159,medieval,6.02380952380952,5.20,0.823809524,0.823809524
160,golf,4.54761904761905,5.56,-1.012380952,1.012380952
161,pin,4.43589743589744,5.10,-0.664102564,0.664102564
162,packing,5.275,5.28,-0.005,0.005
163,christmas,7.125,7.96,-0.835,0.835
164,ive,5.46153846153846,5.02,0.441538462,0.441538462
165,mountain,7.425,6.40,1.025,1.025
166,northern,6.525,5.22,1.305,1.305
167,pick,5.30769230769231,5.60,-0.292307692,0.292307692
168,warm,7.725,6.72,1.005,1.005
169,switzerland,7.075,6.76,0.315,0.315
170,shop,6.675,6.76,-0.085,0.085
171,cheaper,7.05,6.08,0.97,0.97
172,springs,7.38461538461539,6.58,0.804615385,0.804615385
173,episode,4.20512820512821,5.76,-1.554871795,1.554871795
174,weird,4.325,4.20,0.125,0.125
175,pay,3.875,5.30,-1.425,1.425
176,sign,5.25641025641026,5.66,-0.403589744,0.403589744
177,started,5.78947368421053,6.00,-0.210526316,0.210526316
178,feet,4.55,5.58,-1.03,1.03
179,india,5.60975609756098,6.42,-0.810243902,0.810243902
180,cruise,6.425,6.70,-0.275,0.275
181,tips,5.5,6.28,-0.78,0.78
182,fields,6.70731707317073,5.92,0.787317073,0.787317073
183,markets,6.8780487804878,6.10,0.77804878,0.77804878
184,insurance,4.41463414634146,5.24,-0.825365854,0.825365854
185,mobile,6.46341463414634,6.36,0.103414634,0.103414634
186,coffee,7.15,7.18,-0.03,0.03
187,jordan,4.41025641025641,5.44,-1.02974359,1.02974359
188,key,5.46341463414634,5.82,-0.356585366,0.356585366
189,stone,5.30769230769231,5.04,0.267692308,0.267692308
190,soul,6.70731707317073,6.34,0.367317073,0.367317073
191,mist,6.4390243902439,5.82,0.61902439,0.61902439
192,hawaii,8.04878048780488,7.02,1.028780488,1.028780488
193,evening,7.19512195121951,6.42,0.775121951,0.775121951
194,sunny,8.19512195121951,6.96,1.235121951,1.235121951
195,lovers,7.80487804878049,7.54,0.264878049,0.264878049
196,million,6.36585365853659,7.38,-1.014146341,1.014146341
197,apple,5.58536585365854,7.44,-1.854634146,1.854634146
198,responsible,5.95121951219512,5.80,0.151219512,0.151219512
199,discovery,7.31707317073171,6.54,0.777073171,0.777073171
200,bath,6.90243902439024,6.96,-0.057560976,0.057560976
201,attack,1.48780487804878,2.42,-0.932195122,0.932195122
202,first,6.225,6.82,-0.595,0.595
203,down,2.90243902439024,3.66,-0.757560976,0.757560976
204,business,4.76744186046512,5.94,-1.17255814,1.17255814
205,app,5.55813953488372,5.20,0.358139535,0.358139535
206,germany,6.97619047619048,5.94,1.036190476,1.036190476
207,enjoying,8.42857142857143,7.84,0.588571429,0.588571429
208,towns,6.88372093023256,6.06,0.82372093,0.82372093
209,people,6.1219512195122,6.16,-0.03804878,0.03804878
210,readers,6.13953488372093,6.16,-0.020465116,0.020465116
211,beijing,5.76744186046512,5.24,0.52744186,0.52744186
212,health,6.83720930232558,7.22,-0.382790698,0.382790698
213,wireless,6.86046511627907,6.18,0.680465116,0.680465116
214,right,5.7906976744186,6.54,-0.749302326,0.749302326
215,life,7.17073170731707,7.32,-0.149268293,0.149268293
216,hotel,6.5,6.16,0.34,0.34
217,awesome,7.97560975609756,7.60,0.375609756,0.375609756
218,review,5.125,5.32,-0.195,0.195
219,join,5.90243902439024,6.22,-0.317560976,0.317560976
220,market,6.09756097560976,6.28,-0.182439024,0.182439024
221,full,5.75609756097561,6.22,-0.463902439,0.463902439
222,dining,7.36585365853659,6.48,0.885853659,0.885853659
223,isnt,3.36585365853659,3.98,-0.614146341,0.614146341
224,miles,5.24390243902439,5.30,-0.056097561,0.056097561
225,catch,4.97560975609756,5.74,-0.764390244,0.764390244
226,edinburgh,6.55,5.60,0.95,0.95
227,yeah,6.53658536585366,5.90,0.636585366,0.636585366
228,israel,4.70731707317073,4.78,-0.072682927,0.072682927
229,gray,3.70731707317073,4.62,-0.912682927,0.912682927
230,beginning,6.70731707317073,6.04,0.667317073,0.667317073
231,trip,7.45,7.00,0.45,0.45
232,house,6.4390243902439,6.34,0.09902439,0.09902439
233,cultural,7.02439024390244,6.18,0.844390244,0.844390244
234,ski,6,5.84,0.16,0.16
235,city,6.3,5.76,0.54,0.54
236,restaurant,7.475,7.06,0.415,0.415
237,apps,4.9,5.58,-0.68,0.68
238,canadian,6.24390243902439,5.84,0.403902439,0.403902439
239,guy,4.85365853658537,5.92,-1.066341463,1.066341463
240,rent,4.17073170731707,3.84,0.330731707,0.330731707
241,domestic,5.29268292682927,5.46,-0.167317073,0.167317073
242,terrorism,1.19512195121951,1.48,-0.284878049,0.284878049
243,ohio,4.36585365853659,5.22,-0.854146341,0.854146341
244,enter,5.51219512195122,5.84,-0.327804878,0.327804878
245,interview,4,5.06,-1.06,1.06
246,front,4.92682926829268,5.58,-0.653170732,0.653170732
247,thing,5.02439024390244,5.58,-0.555609756,0.555609756
248,desert,4.92682926829268,4.40,0.526829268,0.526829268
249,wont,2.73170731707317,4.08,-1.348292683,1.348292683
250,question,5,4.98,0.02,0.02
251,talking,6,6.46,-0.46,0.46
252,historical,7.09756097560976,5.76,1.337560976,1.337560976
253,downtown,6.29268292682927,5.78,0.512682927,0.512682927
254,traveling,7.23809523809524,6.78,0.458095238,0.458095238
255,lake,7.45238095238095,6.74,0.712380952,0.712380952
256,mexico,6.30952380952381,5.84,0.46952381,0.46952381
257,ocean,7.66666666666667,6.96,0.706666667,0.706666667
258,map,5.90476190476191,5.50,0.404761905,0.404761905
259,stuff,4.71428571428571,5.58,-0.865714286,0.865714286
260,wales,6.57142857142857,5.96,0.611428571,0.611428571
261,birthday,6.92857142857143,7.78,-0.851428571,0.851428571
262,rainy,4.04761904761905,5.64,-1.592380952,1.592380952
263,climbing,5.14285714285714,6.04,-0.897142857,0.897142857
264,kuwait,3.11904761904762,4.56,-1.440952381,1.440952381
265,saturday,7.45238095238095,7.42,0.032380952,0.032380952
266,delay,1.92857142857143,3.38,-1.451428571,1.451428571
267,mississippi,4.30952380952381,5.68,-1.37047619,1.37047619
268,blog,5.52631578947368,6.02,-0.493684211,0.493684211
269,japan,6.39473684210526,6.00,0.394736842,0.394736842
270,live,7.42105263157895,6.84,0.581052632,0.581052632
271,cities,6.71052631578947,5.58,1.130526316,1.130526316
272,secret,5.36842105263158,4.84,0.528421053,0.528421053
273,makes,5.57894736842105,5.56,0.018947368,0.018947368
274,florida,6.28947368421053,6.70,-0.410526316,0.410526316
275,forget,3,3.22,-0.22,0.22
276,important,6.78947368421053,6.32,0.469473684,0.469473684
277,garden,6.76315789473684,7.22,-0.456842105,0.456842105
278,idea,6.71052631578947,7.06,-0.349473684,0.349473684
279,royal,6.26315789473684,5.82,0.443157895,0.443157895
280,writing,5.89473684210526,6.24,-0.345263158,0.345263158
281,fair,6.36842105263158,6.96,-0.591578947,0.591578947
282,journey,7.02631578947368,7.14,-0.113684211,0.113684211
283,taxi,5.07894736842105,5.72,-0.641052632,0.641052632
284,thursday,5.78947368421053,5.86,-0.070526316,0.070526316
285,flight,6.02439024390244,6.06,-0.035609756,0.035609756
286,photography,7.58536585365854,6.98,0.605365854,0.605365854
287,singapore,6.39024390243902,5.98,0.410243902,0.410243902
288,amsterdam,7.6,6.14,1.46,1.46
289,deal,7.46341463414634,6.32,1.143414634,1.143414634
290,wait,2.73170731707317,3.74,-1.008292683,1.008292683
291,magazine,5.90243902439024,5.90,0.002439024,0.002439024
292,jungle,6.39024390243902,5.69,0.700243902,0.700243902
293,animals,7.4,6.68,0.72,0.72
294,seasons,6.82926829268293,6.76,0.069268293,0.069268293
295,opera,4.80487804878049,5.56,-0.755121951,0.755121951
296,castle,7.25641025641026,6.34,0.916410256,0.916410256
297,updates,6,6.14,-0.14,0.14
298,september,5.78048780487805,6.34,-0.559512195,0.559512195
299,exit,4.02439024390244,4.78,-0.755609756,0.755609756
300,places,6.65,6.14,0.51,0.51
301,journey,7.35,7.14,0.21,0.21
302,heading,5.45,5.62,-0.17,0.17
303,turkey,4.8,6.16,-1.36,1.36
304,santa,6.55,6.80,-0.25,0.25
305,whale,6.87179487179487,6.44,0.431794872,0.431794872
306,korea,4.15,5.34,-1.19,1.19
307,experts,5.575,6.28,-0.705,0.705
308,snow,5.55,6.32,-0.77,0.77
309,swim,7.325,6.84,0.485,0.485
310,immigration,4.56410256410256,5.20,-0.635897436,0.635897436
311,vermont,6.15384615384615,5.58,0.573846154,0.573846154
312,luxury,7.55,7.30,0.25,0.25
313,view,7.68292682926829,5.72,1.962926829,1.962926829
314,greece,7.36585365853659,5.76,1.605853659,1.605853659
315,spots,5.6,4.68,0.92,0.92
316,mexico,6.21951219512195,5.84,0.379512195,0.379512195
317,argentina,6.55,5.72,0.83,0.83
318,vegan,4.325,4.82,-0.495,0.495
319,memories,8.02439024390244,7.08,0.944390244,0.944390244
320,point,5.55263157894737,5.42,0.132631579,0.132631579
321,islands,8.05,6.58,1.47,1.47
322,inspire,7.84210526315789,7.12,0.722105263,0.722105263
323,delayed,1.65853658536585,3.24,-1.581463415,1.581463415
324,florence,7.55,5.92,1.63,1.63
325,bucket,4.61904761904762,5.32,-0.700952381,0.700952381
326,incredible,8.04761904761905,7.42,0.627619048,0.627619048
327,nice,7.59523809523809,7.38,0.215238095,0.215238095
328,boat,6.88095238095238,6.08,0.800952381,0.800952381
329,falls,6.04761904761905,3.60,2.447619048,2.447619048
330,wat,4.57142857142857,4.44,0.131428571,0.131428571
331,letter,5.53658536585366,5.94,-0.403414634,0.403414634
332,hills,6.85714285714286,6.40,0.457142857,0.457142857
333,eastern,6.28571428571429,5.76,0.525714286,0.525714286
334,glorious,8.21428571428571,7.74,0.474285714,0.474285714
335,miami,6.40476190476191,6.18,0.224761905,0.224761905
336,sleep,6.83333333333333,7.16,-0.326666667,0.326666667
337,whos,4.8,4.80,0,0
338,camp,6.21428571428571,6.26,-0.045714286,0.045714286
339,visiting,6.925,6.60,0.325,0.325
340,cruise,7.25,6.70,0.55,0.55
341,today,6.65,6.22,0.43,0.43
342,sydney,7.15384615384615,5.68,1.473846154,1.473846154
343,youre,5.28205128205128,5.10,0.182051282,0.182051282
344,water,7.225,6.70,0.525,0.525
345,leave,3.85,4.52,-0.67,0.67
346,loved,7.575,7.96,-0.385,0.385
347,flight,5.53846153846154,6.06,-0.521538462,0.521538462
348,archives,5.31428571428571,6.00,-0.685714286,0.685714286
349,events,6.75,6.26,0.49,0.49
350,woman,6.23076923076923,6.84,-0.609230769,0.609230769
351,game,6.71794871794872,6.92,-0.202051282,0.202051282
352,brazil,6.1025641025641,6.10,0.002564103,0.002564103
353,remember,6.525,6.42,0.105,0.105
354,info,6,6.10,-0.1,0.1
355,michigan,4.66666666666667,5.32,-0.653333333,0.653333333
356,montana,5.94871794871795,5.44,0.508717949,0.508717949
357,africa,5.37209302325581,5.26,0.112093023,0.112093023
358,mountains,7.41860465116279,6.96,0.458604651,0.458604651
359,culture,7.18604651162791,6.72,0.466046512,0.466046512
360,guest,6.62790697674419,6.52,0.107906977,0.107906977
361,early,5.34883720930233,5.66,-0.311162791,0.311162791
362,reading,6.34883720930233,6.78,-0.431162791,0.431162791
363,historic,7.11627906976744,5.92,1.19627907,1.19627907
364,storm,3.76744186046512,4.26,-0.49255814,0.49255814
365,information,6.30232558139535,6.48,-0.177674419,0.177674419
366,shoes,5.93023255813953,6.06,-0.129767442,0.129767442
367,pillow,6.86046511627907,6.88,-0.019534884,0.019534884
368,october,6.02325581395349,5.88,0.143255814,0.143255814
369,vacation,7.58139534883721,7.92,-0.338604651,0.338604651
370,summer,7,6.40,0.6,0.6
371,australian,7.18604651162791,6.26,0.926046512,0.926046512
372,moments,6.7906976744186,6.10,0.690697674,0.690697674
373,steps,4.95238095238095,5.38,-0.427619048,0.427619048
374,spa,6.88372093023256,6.92,-0.03627907,0.03627907
375,takes,4.63157894736842,5.04,-0.408421053,0.408421053
376,russia,4.19047619047619,5.50,-1.30952381,1.30952381
377,reserve,5.21428571428571,5.32,-0.105714286,0.105714286
378,space,5.86046511627907,5.96,-0.099534884,0.099534884
379,play,7.53488372093023,7.26,0.274883721,0.274883721
380,oldest,5,4.68,0.32,0.32
381,theme,5.48837209302326,6.12,-0.631627907,0.631627907
382,coach,4.55813953488372,5.76,-1.201860465,1.201860465
383,blog,4.80487804878049,6.02,-1.215121951,1.215121951
384,sydney,7.26190476190476,5.68,1.581904762,1.581904762
385,budget,3.52380952380952,5.08,-1.556190476,1.556190476
386,pictures,7.23809523809524,7.06,0.178095238,0.178095238
387,golden,6.54761904761905,7.30,-0.752380952,0.752380952
388,todays,5.725,5.74,-0.015,0.015
389,club,5.47619047619048,5.86,-0.383809524,0.383809524
390,blogging,4.97619047619048,5.82,-0.843809524,0.843809524
391,school,3.38095238095238,6.26,-2.879047619,2.879047619
392,prices,3.16666666666667,4.38,-1.213333333,1.213333333
393,oregon,6.5,6.00,0.5,0.5
394,architecture,6.88095238095238,6.40,0.480952381,0.480952381
395,museum,6.90476190476191,6.68,0.224761905,0.224761905
396,holiday,7.95121951219512,7.68,0.271219512,0.271219512
397,explore,7.92682926829268,6.37,1.556829268,1.556829268
398,america,7.09756097560976,6.76,0.337560976,0.337560976
399,style,6.46341463414634,6.76,-0.296585366,0.296585366
400,left,4.07692307692308,4.64,-0.563076923,0.563076923
401,miami,6.325,6.18,0.145,0.145
402,expensive,2.82926829268293,3.54,-0.710731707,0.710731707
403,items,5.21951219512195,5.38,-0.160487805,0.160487805
404,changed,4.80487804878049,5.06,-0.255121951,0.255121951
405,mountain,7.07317073170732,6.40,0.673170732,0.673170732
406,unlimited,7.41463414634146,6.60,0.814634146,0.814634146
407,arent,2.975,4.34,-1.365,1.365
408,plan,6.11904761904762,6.14,-0.020952381,0.020952381
409,walk,6.5,6.02,0.48,0.48
410,lunch,6.92857142857143,7.42,-0.491428571,0.491428571
411,friend,7.38095238095238,7.66,-0.279047619,0.279047619
412,beaten,2.28571428571429,2.62,-0.334285714,0.334285714
413,monday,4.52380952380952,4.30,0.223809524,0.223809524
414,americans,5.90476190476191,6.50,-0.595238095,0.595238095
415,eu,5.65789473684211,4.80,0.857894737,0.857894737
416,argentina,6.14285714285714,5.72,0.422857143,0.422857143
417,pearl,6.33333333333333,7.06,-0.726666667,0.726666667
418,treat,7.28571428571429,6.74,0.545714286,0.545714286
419,heating,4.90476190476191,6.00,-1.095238095,1.095238095
420,purple,5.61904761904762,6.04,-0.420952381,0.420952381
421,guide,6.04651162790698,6.10,-0.053488372,0.053488372
422,post,5.55813953488372,5.48,0.078139535,0.078139535
423,reasons,5.53488372093023,5.26,0.274883721,0.274883721
424,archives,5.83720930232558,6.00,-0.162790698,0.162790698
425,made,5.57142857142857,5.96,-0.388571429,0.388571429
426,save,6.27906976744186,6.54,-0.260930233,0.260930233
427,vegas,6.74418604651163,6.36,0.384186047,0.384186047
428,fear,2.30232558139535,2.32,-0.017674419,0.017674419
429,dinner,7.3953488372093,7.40,-0.004651163,0.004651163
430,vienna,7.02439024390244,5.92,1.104390244,1.104390244
431,lifetime,6.44186046511628,6.26,0.181860465,0.181860465
432,teach,6.19047619047619,6.56,-0.36952381,0.36952381
433,iraq,2.88372093023256,3.90,-1.01627907,1.01627907
434,suitcase,5.34883720930233,5.74,-0.391162791,0.391162791
435,finding,6.24390243902439,5.80,0.443902439,0.443902439
436,family,7.69047619047619,7.72,-0.02952381,0.02952381
437,cape,5.975,5.18,0.795,0.795
438,holidays,7.5,7.96,-0.46,0.46
439,ill,5.36585365853659,2.42,2.945853659,2.945853659
440,southern,5.78571428571429,5.64,0.145714286,0.145714286
441,feature,6.09523809523809,5.98,0.115238095,0.115238095
442,cafe,7.04761904761905,6.78,0.267619048,0.267619048
443,loving,7.78571428571429,7.96,-0.174285714,0.174285714
444,death,1.30952380952381,1.54,-0.23047619,0.23047619
445,building,5.60975609756098,5.94,-0.330243902,0.330243902
446,zoo,6.61904761904762,6.62,-0.000952381,0.000952381
447,railway,6.07142857142857,6.16,-0.088571429,0.088571429
448,winter,4.69767441860465,5.90,-1.202325581,1.202325581
449,daily,5.86046511627907,5.40,0.460465116,0.460465116
450,money,5.37209302325581,7.30,-1.927906977,1.927906977
451,happy,8.51162790697674,8.30,0.211627907,0.211627907
452,tourist,5.97619047619048,6.18,-0.203809524,0.203809524
453,air,6.41860465116279,6.80,-0.381395349,0.381395349
454,music,7.65116279069767,8.02,-0.368837209,0.368837209
455,put,4.52380952380952,5.04,-0.516190476,0.516190476
456,inspire,7.83720930232558,7.12,0.717209302,0.717209302
457,italian,6.93023255813953,6.48,0.450232558,0.450232558
458,waves,7.72093023255814,6.40,1.320930233,1.320930233
459,visitors,6.18604651162791,6.32,-0.133953488,0.133953488
460,kids,4.34883720930233,7.38,-3.031162791,3.031162791
461,date,7.06976744186047,6.32,0.749767442,0.749767442
462,beach,7.69047619047619,7.94,-0.24952381,0.24952381
463,cheap,6.21428571428571,5.48,0.734285714,0.734285714
464,plans,6.71428571428571,6.20,0.514285714,0.514285714
465,safe,8.02380952380952,7.04,0.983809524,0.983809524
466,media,4.59523809523809,5.62,-1.024761905,1.024761905
467,black,4.69047619047619,4.88,-0.18952381,0.18952381
468,breaking,3.38095238095238,3.98,-0.599047619,0.599047619
469,best,7.73170731707317,7.18,0.551707317,0.551707317
470,colorado,7.09523809523809,5.84,1.255238095,1.255238095
471,arrival,7.85714285714286,6.32,1.537142857,1.537142857
472,visit,7.55813953488372,6.54,1.018139535,1.018139535
473,islands,7.72093023255814,6.58,1.140930233,1.140930233
474,nature,7.78571428571429,7.24,0.545714286,0.545714286
475,wine,6.3953488372093,6.42,-0.024651163,0.024651163
476,social,6.72093023255814,6.22,0.500930233,0.500930233
477,complete,6.76190476190476,6.74,0.021904762,0.021904762
478,met,5.86046511627907,5.82,0.040465116,0.040465116
479,coolest,6.97674418604651,6.78,0.196744186,0.196744186
480,flickr,5.31578947368421,5.96,-0.644210526,0.644210526
481,rules,3.83720930232558,4.28,-0.442790698,0.442790698
482,afford,6.04651162790698,6.16,-0.113488372,0.113488372
483,missouri,4.55813953488372,5.72,-1.161860465,1.161860465
484,mile,5.27906976744186,5.04,0.239069767,0.239069767
485,good,7.25,7.20,0.05,0.05
486,whats,4.46153846153846,4.76,-0.298461538,0.298461538
487,local,6.175,5.46,0.715,0.715
488,stunning,7.65,6.50,1.15,1.15
489,sites,6.025,6.00,0.025,0.025
490,sale,6.2,6.58,-0.38,0.38
491,oregon,6.075,6.00,0.075,0.075
492,industry,4.025,5.38,-1.355,1.355
493,haha,6.51282051282051,7.64,-1.127179487,1.127179487
494,explosion,2.125,2.94,-0.815,0.815
495,stormy,3.25,4.94,-1.69,1.69
496,big,6.33333333333333,6.22,0.113333333,0.113333333
497,avoid,2.5952380952381,3.14,-0.544761905,0.544761905
498,times,5.14285714285714,5.58,-0.437142857,0.437142857
499,save,6.62162162162162,6.54,0.081621622,0.081621622
500,survive,4.21951219512195,6.00,-1.780487805,1.780487805
501,kingdom,6.30952380952381,6.20,0.10952381,0.10952381
502,quotes,5.64285714285714,5.60,0.042857143,0.042857143
503,vienna,6.80952380952381,5.92,0.88952381,0.88952381
504,distance,5.47619047619048,4.50,0.976190476,0.976190476
505,images,7,6.34,0.66,0.66
506,men,5.1219512195122,5.94,-0.81804878,0.81804878
507,internet,6.64285714285714,7.48,-0.837142857,0.837142857
508,solo,5.02702702702703,5.56,-0.532972973,0.532972973
509,asia,6.31707317073171,6.22,0.097073171,0.097073171
510,wine,6.82926829268293,6.42,0.409268293,0.409268293
511,learned,6.34146341463415,6.92,-0.578536585,0.578536585
512,deals,7.41463414634146,6.50,0.914634146,0.914634146
513,heaven,7.41463414634146,7.86,-0.445365854,0.445365854
514,guide,6.39024390243902,6.10,0.290243902,0.290243902
515,united,5.85365853658537,7.32,-1.466341463,1.466341463
516,book,6.19512195121951,7.24,-1.044878049,1.044878049
517,kind,7.70731707317073,7.24,0.467317073,0.467317073
518,dead,1.39024390243902,2.00,-0.609756098,0.609756098
519,health,6.90243902439024,7.22,-0.317560976,0.317560976
520,based,5.27027027027027,5.26,0.01027027,0.01027027
521,websites,6.07317073170732,6.24,-0.166829268,0.166829268
522,scared,2.26829268292683,2.58,-0.311707317,0.311707317
523,platform,5.05,5.16,-0.11,0.11
524,atm,5.04878048780488,5.70,-0.651219512,0.651219512
525,win,7.92857142857143,8.12,-0.191428571,0.191428571
526,morning,6.19047619047619,6.56,-0.36952381,0.36952381
527,years,4.80952380952381,5.28,-0.47047619,0.47047619
528,cuba,5.21951219512195,4.98,0.239512195,0.239512195
529,earth,7.19047619047619,6.44,0.75047619,0.75047619
530,restaurants,8,6.62,1.38,1.38
531,ice,4.85714285714286,5.80,-0.942857143,0.942857143
532,traveler,6.41463414634146,6.56,-0.145365854,0.145365854
533,plane,5.40476190476191,6.30,-0.895238095,0.895238095
534,saving,6.59523809523809,6.96,-0.364761905,0.364761905
535,amazing,7.64285714285714,7.66,-0.017142857,0.017142857
536,largest,5.90243902439024,6.34,-0.437560976,0.437560976
537,follow,5.23076923076923,5.66,-0.429230769,0.429230769
538,lines,3,5.26,-2.26,2.26
539,transport,5.64285714285714,6.04,-0.397142857,0.397142857
540,turns,4.70731707317073,5.20,-0.492682927,0.492682927
541,gate,4.325,5.18,-0.855,0.855
542,road,6.32558139534884,5.86,0.465581395,0.465581395
543,days,6.18604651162791,5.76,0.426046512,0.426046512
544,town,6.48837209302326,5.88,0.608372093,0.608372093
545,blogger,4.37209302325581,5.46,-1.087906977,1.087906977
546,france,6.67441860465116,6.32,0.354418605,0.354418605
547,famous,6.27906976744186,6.68,-0.400930233,0.400930233
548,chile,5.69767441860465,5.74,-0.042325581,0.042325581
549,planet,5.76744186046512,6.52,-0.75255814,0.75255814
550,fire,3,3.80,-0.8,0.8
551,eye,5.35714285714286,6.14,-0.782857143,0.782857143
552,options,6.95348837209302,6.24,0.713488372,0.713488372
553,booked,5.51162790697674,5.08,0.431627907,0.431627907
554,november,6.02325581395349,6.10,-0.076744186,0.076744186
555,trip,7.81395348837209,7.00,0.813953488,0.813953488
556,home,6.72093023255814,7.14,-0.419069767,0.419069767
557,hotels,6.74418604651163,6.26,0.484186047,0.484186047
558,rock,5.25581395348837,6.14,-0.884186047,0.884186047
559,didnt,3.06976744186047,4.00,-0.930232558,0.930232558
560,york,5.41860465116279,5.62,-0.201395349,0.201395349
561,id,5.30232558139535,5.00,0.302325581,0.302325581
562,excited,8.13953488372093,7.62,0.519534884,0.519534884
563,calm,7.30232558139535,6.36,0.942325581,0.942325581
564,retreat,7.30232558139535,5.18,2.122325581,2.122325581
565,shows,6.6046511627907,6.08,0.524651163,0.524651163
566,sports,5.69767441860465,6.06,-0.362325581,0.362325581
567,weekend,7.67441860465116,8.00,-0.325581395,0.325581395
568,snow,5.34883720930233,6.32,-0.971162791,0.971162791
569,staying,6.5,5.76,0.74,0.74
570,eats,7.32558139534884,6.44,0.885581395,0.885581395
571,route,5.74418604651163,5.48,0.264186047,0.264186047
572,hard,2.95348837209302,4.10,-1.146511628,1.146511628
573,hate,1.86046511627907,2.34,-0.479534884,0.479534884
574,totally,5.83720930232558,6.02,-0.182790698,0.182790698
575,pacific,7.04651162790698,6.16,0.886511628,0.886511628
576,apply,4.73809523809524,5.82,-1.081904762,1.081904762
577,tuesday,4.86046511627907,4.98,-0.119534884,0.119534884
578,number,4.65116279069767,5.30,-0.648837209,0.648837209
579,simply,6.16666666666667,6.42,-0.253333333,0.253333333
580,fell,2.78571428571429,3.22,-0.434285714,0.434285714
581,students,4.67441860465116,6.28,-1.605581395,1.605581395
582,week,6.48837209302326,5.08,1.408372093,1.408372093
583,train,6.51162790697674,5.98,0.531627907,0.531627907
584,china,5.44186046511628,5.40,0.041860465,0.041860465
585,natural,7.44186046511628,6.56,0.881860465,0.881860465
586,winter,4.53488372093023,5.90,-1.365116279,1.365116279
587,gold,6.8780487804878,7.56,-0.68195122,0.68195122
588,international,7.09302325581395,6.56,0.533023256,0.533023256
589,church,4.69767441860465,5.48,-0.782325581,0.782325581
590,gifts,7.13953488372093,7.56,-0.420465116,0.420465116
591,museums,7.02325581395349,6.78,0.243255814,0.243255814
592,parents,6.3953488372093,7.36,-0.964651163,0.964651163
593,broken,1.7906976744186,3.02,-1.229302326,1.229302326
594,subway,5.37209302325581,5.32,0.052093023,0.052093023
595,kentucky,5.23255813953488,5.80,-0.56744186,0.56744186
596,find,5.975,6.00,-0.025,0.025
597,people,5.65853658536585,6.16,-0.501463415,0.501463415
598,ultimate,7,6.54,0.46,0.46
599,spain,6.41463414634146,6.20,0.214634146,0.214634146
600,cant,2.45,3.48,-1.03,1.03
601,friday,7.53658536585366,6.88,0.656585366,0.656585366
602,guys,5,6.22,-1.22,1.22
603,shopping,6.31707317073171,7.10,-0.782926829,0.782926829
604,disney,6.60975609756098,6.62,-0.010243902,0.010243902
605,clouds,6,6.34,-0.34,0.34
606,square,4.80487804878049,5.48,-0.675121951,0.675121951
607,parking,3.75,5.02,-1.27,1.27
608,worlds,6.46341463414634,6.24,0.223414634,0.223414634
609,inspiration,7.21428571428571,7.02,0.194285714,0.194285714
610,free,7.40476190476191,7.96,-0.555238095,0.555238095
611,pic,6.38095238095238,5.98,0.400952381,0.400952381
612,english,7.33333333333333,6.58,0.753333333,0.753333333
613,autumn,7.64285714285714,6.94,0.702857143,0.702857143
614,facts,5.425,6.06,-0.635,0.635
615,saint,5.76190476190476,6.34,-0.578095238,0.578095238
616,austria,6.55,5.88,0.67,0.67
617,purchase,5.66666666666667,6.34,-0.673333333,0.673333333
618,nyc,6.66666666666667,5.98,0.686666667,0.686666667
619,worth,6.51282051282051,6.78,-0.267179487,0.267179487
620,give,6.17948717948718,6.54,-0.360512821,0.360512821
621,england,6.92307692307692,6.28,0.643076923,0.643076923
622,tree,7.02631578947368,7.12,-0.093684211,0.093684211
623,us,7.17948717948718,6.26,0.919487179,0.919487179
624,comment,5.15384615384615,5.58,-0.426153846,0.426153846
625,bag,5.46153846153846,5.64,-0.178461538,0.178461538
626,product,4.8974358974359,5.56,-0.662564103,0.662564103
627,fab,5.97222222222222,6.10,-0.127777778,0.127777778
628,pm,5.71052631578947,5.52,0.190526316,0.190526316
629,august,6.64102564102564,5.98,0.661025641,0.661025641
630,popular,6.30952380952381,6.60,-0.29047619,0.29047619
631,hidden,6.64285714285714,4.48,2.162857143,2.162857143
632,east,6.26190476190476,5.82,0.441904762,0.441904762
633,thats,5.36585365853659,5.10,0.265853659,0.265853659
634,june,7.07142857142857,6.32,0.751428571,0.751428571
635,war,1.38095238095238,1.80,-0.419047619,0.419047619
636,private,7,5.92,1.08,1.08
637,posts,5.21951219512195,5.32,-0.100487805,0.100487805
638,vancouver,6.58536585365854,5.32,1.265365854,1.265365854
639,create,6.59523809523809,6.82,-0.224761905,0.224761905
640,florida,6.61904761904762,6.70,-0.080952381,0.080952381
641,yellow,6.04761904761905,5.80,0.247619048,0.247619048
642,egypt,5.23809523809524,6.26,-1.021904762,1.021904762
643,win,7.04761904761905,8.12,-1.072380952,1.072380952
644,dubai,5.61904761904762,5.54,0.079047619,0.079047619
645,focus,5.78048780487805,6.12,-0.339512195,0.339512195
646,jesus,5.19047619047619,6.52,-1.32952381,1.32952381
647,choose,6.61904761904762,5.94,0.679047619,0.679047619
648,return,4.5,5.20,-0.7,0.7
649,recommendations,6.66666666666667,6.20,0.466666667,0.466666667
650,power,5.76190476190476,6.68,-0.918095238,0.918095238
651,move,5.40476190476191,5.72,-0.315238095,0.315238095
652,finally,5.95238095238095,5.58,0.372380952,0.372380952
653,fast,6.59523809523809,6.44,0.155238095,0.155238095
654,write,5.64285714285714,5.80,-0.157142857,0.157142857
655,shower,6.21428571428571,6.72,-0.505714286,0.505714286
656,haiti,4.73809523809524,4.06,0.678095238,0.678095238
657,ticket,6.71428571428571,5.32,1.394285714,1.394285714
658,greece,5.92857142857143,5.76,0.168571429,0.168571429
659,make,5.83333333333333,6.00,-0.166666667,0.166666667
660,views,7.73809523809524,5.92,1.818095238,1.818095238
661,uk,6.52380952380952,5.84,0.683809524,0.683809524
662,wild,6.40476190476191,5.50,0.904761905,0.904761905
663,meet,6.33333333333333,6.38,-0.046666667,0.046666667
664,sky,7.4390243902439,7.76,-0.32097561,0.32097561
665,crazy,4.52380952380952,4.64,-0.116190476,0.116190476
666,parks,7.76190476190476,7.14,0.621904762,0.621904762
667,expect,5.64285714285714,5.90,-0.257142857,0.257142857
668,beer,6.21428571428571,5.92,0.294285714,0.294285714
669,comfort,7.85714285714286,7.50,0.357142857,0.357142857
670,stuck,2.30952380952381,3.66,-1.35047619,1.35047619
671,travelers,6.64285714285714,6.26,0.382857143,0.382857143
672,video,5.1025641025641,6.48,-1.377435897,1.377435897
673,free,8.09302325581395,7.96,0.133023256,0.133023256
674,travelers,7.06976744186047,6.26,0.809767442,0.809767442
675,article,5.06976744186047,5.52,-0.450232558,0.450232558
676,amazon,6.55813953488372,6.80,-0.241860465,0.241860465
677,scotland,7.07142857142857,6.68,0.391428571,0.391428571
678,breaks,5.93023255813953,4.42,1.510232558,1.510232558
679,fabulous,8.09302325581395,7.38,0.713023256,0.713023256
680,southeast,6.23255813953488,5.68,0.55255814,0.55255814
681,peak,6.6046511627907,5.90,0.704651163,0.704651163
682,costs,2.58139534883721,3.80,-1.218604651,1.218604651
683,wifi,7.76744186046512,6.36,1.40744186,1.40744186
684,its,4.92857142857143,4.96,-0.031428571,0.031428571
685,hotels,6.76190476190476,6.26,0.501904762,0.501904762
686,art,7.23809523809524,6.60,0.638095238,0.638095238
687,italy,7.64285714285714,6.18,1.462857143,1.462857143
688,culture,7.57142857142857,6.72,0.851428571,0.851428571
689,facebook,4.30952380952381,6.08,-1.77047619,1.77047619
690,usa,6.30952380952381,6.58,-0.27047619,0.27047619
691,gorgeous,8.47619047619048,7.42,1.056190476,1.056190476
692,austria,6.85714285714286,5.88,0.977142857,0.977142857
693,paradise,8.30952380952381,7.92,0.38952381,0.38952381
694,chocolate,7.73809523809524,7.86,-0.121904762,0.121904762
695,faces,6,6.20,-0.2,0.2
696,code,4.73170731707317,5.28,-0.548292683,0.548292683
697,dance,6.90476190476191,7.36,-0.455238095,0.455238095
698,ac,7.19512195121951,5.64,1.555121951,1.555121951
699,may,6.69047619047619,5.48,1.21047619,1.21047619
700,spring,7.34883720930233,7.16,0.188837209,0.188837209
701,online,6,6.72,-0.72,0.72
702,berlin,6.11627906976744,5.26,0.85627907,0.85627907
703,quick,5.48837209302326,6.02,-0.531627907,0.531627907
704,switzerland,7.07142857142857,6.76,0.311428571,0.311428571
705,french,6.65116279069767,5.96,0.691162791,0.691162791
706,iran,2.67441860465116,4.30,-1.625581395,1.625581395
707,close,5.21428571428571,4.94,0.274285714,0.274285714
708,van,4.97674418604651,5.20,-0.223255814,0.223255814
709,waiting,3.11627906976744,3.68,-0.56372093,0.56372093
710,memory,7.3953488372093,6.46,0.935348837,0.935348837
711,canal,6.16279069767442,5.72,0.442790698,0.442790698
712,kit,4.925,5.64,-0.715,0.715
713,fish,5.37209302325581,6.58,-1.207906977,1.207906977
714,world,7.58536585365854,6.52,1.065365854,1.065365854
715,part,4.82051282051282,4.98,-0.159487179,0.159487179
716,holiday,7.85365853658537,7.68,0.173658537,0.173658537
717,coast,7.70731707317073,6.44,1.267317073,1.267317073
718,blue,5.25,5.66,-0.41,0.41
719,real,6.68292682926829,6.78,-0.097073171,0.097073171
720,making,5.60975609756098,6.24,-0.630243902,0.630243902
721,white,5.60526315789474,6.28,-0.674736842,0.674736842
722,mount,5.975,5.54,0.435,0.435
723,florence,7.225,5.92,1.305,1.305
724,thoughts,6.29268292682927,6.22,0.072682927,0.072682927
725,train,6.4390243902439,5.98,0.45902439,0.45902439
726,aviation,5.58974358974359,6.14,-0.55025641,0.55025641
727,long,5.14634146341463,4.74,0.406341463,0.406341463
728,art,7.26829268292683,6.60,0.668292683,0.668292683
729,singapore,6.23076923076923,5.98,0.250769231,0.250769231
730,friendly,8.26829268292683,7.66,0.608292683,0.608292683
731,pretty,8.09756097560976,7.32,0.777560976,0.777560976
732,foods,7.73170731707317,7.26,0.471707317,0.471707317
733,rail,5.75,5.30,0.45,0.45
734,victoria,6.38888888888889,5.88,0.508888889,0.508888889
735,trees,7.51219512195122,6.98,0.532195122,0.532195122
736,broke,1.60975609756098,2.54,-0.930243902,0.930243902
737,drink,6.95121951219512,6.36,0.591219512,0.591219512
738,covered,6.125,5.92,0.205,0.205
739,wrong,1.65853658536585,3.14,-1.481463415,1.481463415
740,event,6.8780487804878,6.12,0.75804878,0.75804878
741,beer,6.07317073170732,5.92,0.153170732,0.153170732
742,huge,6.575,6.14,0.435,0.435
743,successful,8.21951219512195,8.16,0.059512195,0.059512195
744,express,7.1219512195122,6.04,1.08195122,1.08195122
745,travel,7.71052631578947,7.18,0.530526316,0.530526316
746,adventure,7.89473684210526,7.30,0.594736842,0.594736842
747,germany,6.68421052631579,5.94,0.744210526,0.744210526
748,love,7.47368421052632,8.42,-0.946315789,0.946315789
749,watching,5.94736842105263,5.84,0.107368421,0.107368421
750,bus,4.73684210526316,5.10,-0.363157895,0.363157895
751,service,5.84210526315789,6.00,-0.157894737,0.157894737
752,shopping,6.28947368421053,7.10,-0.810526316,0.810526316
753,half,4.63157894736842,4.60,0.031578947,0.031578947
754,teaching,5.76315789473684,6.44,-0.676842105,0.676842105
755,fashion,5.57894736842105,6.36,-0.781052632,0.781052632
756,volunteer,6.13513513513514,6.36,-0.224864865,0.224864865
757,monthly,5.02631578947368,5.42,-0.393684211,0.393684211
758,bay,7.19512195121951,5.96,1.235121951,1.235121951
759,watch,5.97560975609756,5.70,0.275609756,0.275609756
760,coming,6.07317073170732,5.84,0.233170732,0.233170732
761,dubai,5.07317073170732,5.54,-0.466829268,0.466829268
762,celebrate,8.04878048780488,7.98,0.068780488,0.068780488
763,phone,5.5609756097561,6.44,-0.87902439,0.87902439
764,beijing,5.73170731707317,5.24,0.491707317,0.491707317
765,highest,6.31707317073171,6.80,-0.482926829,0.482926829
766,salt,5.19512195121951,5.68,-0.484878049,0.484878049
767,fave,6.15789473684211,6.04,0.117894737,0.117894737
768,drinking,6.21951219512195,6.14,0.079512195,0.079512195
769,accident,1.58536585365854,2.32,-0.734634146,0.734634146
770,japan,7.39024390243902,6.00,1.390243902,1.390243902
771,giveaway,7.21951219512195,6.38,0.839512195,0.839512195
772,story,6.26829268292683,6.48,-0.211707317,0.211707317
773,go,6.675,5.54,1.135,1.135
774,taste,7.39024390243902,6.88,0.510243902,0.510243902
775,beautiful,7.65853658536585,7.92,-0.261463415,0.261463415
776,discount,7.70731707317073,7.20,0.507317073,0.507317073
777,thai,6.51219512195122,6.22,0.292195122,0.292195122
778,globe,6.95,6.28,0.67,0.67
779,download,5.25,6.02,-0.77,0.77
780,wedding,6.58536585365854,7.34,-0.754634146,0.754634146
781,goods,6.48780487804878,6.46,0.027804878,0.027804878
782,national,5.59523809523809,5.98,-0.384761905,0.384761905
783,paris,7.42857142857143,6.86,0.568571429,0.568571429
784,favorite,7.30952380952381,7.04,0.26952381,0.26952381
785,blogger,4.78571428571429,5.46,-0.674285714,0.674285714
786,indonesia,4.85714285714286,5.08,-0.222857143,0.222857143
787,tourists,5.09523809523809,6.08,-0.984761905,0.984761905
788,fun,7.5,7.96,-0.46,0.46
789,reason,5.23809523809524,5.54,-0.301904762,0.301904762
790,center,5.17073170731707,5.30,-0.129268293,0.129268293
791,tech,5.39024390243902,6.22,-0.829756098,0.829756098
792,exclusive,6.73809523809524,6.48,0.258095238,0.258095238
793,spotlight,5.19512195121951,6.35,-1.154878049,1.154878049
794,jet,6.23809523809524,5.94,0.298095238,0.298095238
795,arkansas,3.88095238095238,5.40,-1.519047619,1.519047619
796,island,7.90476190476191,6.78,1.124761905,1.124761905
797,photos,7.16666666666667,6.94,0.226666667,0.226666667
798,im,5.97619047619048,5.02,0.956190476,0.956190476
799,kids,4.71428571428571,7.38,-2.665714286,2.665714286
800,ready,7,6.58,0.42,0.42
801,party,6.83333333333333,7.58,-0.746666667,0.746666667
802,called,5.07142857142857,5.60,-0.528571429,0.528571429
803,student,5.04878048780488,6.58,-1.531219512,1.531219512
804,iowa,4.19047619047619,5.24,-1.04952381,1.04952381
805,england,7.69047619047619,6.28,1.41047619,1.41047619
806,epic,7.42857142857143,6.30,1.128571429,1.128571429
807,state,5.47619047619048,5.28,0.196190476,0.196190476
808,cuba,5.23809523809524,4.98,0.258095238,0.258095238
809,tourist,6.40476190476191,6.18,0.224761905,0.224761905
810,simple,6.42857142857143,6.02,0.408571429,0.408571429
811,jamaica,7.46341463414634,6.32,1.143414634,1.143414634
812,truth,6.69047619047619,7.42,-0.72952381,0.72952381
813,price,4.19047619047619,5.00,-0.80952381,0.80952381
814,rice,5.39024390243902,6.44,-1.049756098,1.049756098
815,fly,6.80487804878049,6.32,0.484878049,0.484878049
816,lebanon,3.42857142857143,4.62,-1.191428571,1.191428571
817,pakistan,2.88095238095238,3.94,-1.059047619,1.059047619
818,crash,1.5,2.60,-1.1,1.1
819,duty,3.70731707317073,4.70,-0.992682927,0.992682927
820,virginia,5.92857142857143,6.28,-0.351428571,0.351428571
821,photography,7.48780487804878,6.98,0.507804878,0.507804878
822,spend,4.61904761904762,5.04,-0.420952381,0.420952381
823,red,5.46341463414634,5.56,-0.096585366,0.096585366
824,open,7.28571428571429,6.10,1.185714286,1.185714286
825,tokyo,6.97619047619048,5.76,1.216190476,1.216190476
826,brazil,6.17073170731707,6.10,0.070731707,0.070731707
827,taiwan,6.09523809523809,5.36,0.735238095,0.735238095
828,global,6.97619047619048,6.00,0.976190476,0.976190476
829,ago,4.23809523809524,4.88,-0.641904762,0.641904762
830,cook,6.64285714285714,6.64,0.002857143,0.002857143
831,terrorist,1.28571428571429,1.30,-0.014285714,0.014285714
832,withdrawal,2.5952380952381,3.72,-1.124761905,1.124761905
833,beautiful,8.36585365853658,7.92,0.445853659,0.445853659
834,feel,6.39024390243902,5.90,0.490243902,0.490243902
835,agree,6.675,6.70,-0.025,0.025
836,dreaming,7.73170731707317,7.26,0.471707317,0.471707317
837,arizona,6.25,5.58,0.67,0.67
838,hottest,5,5.78,-0.78,0.78
839,lens,5.775,5.86,-0.085,0.085
840,turn,4.60975609756098,5.20,-0.590243902,0.590243902
841,award,7.17073170731707,7.86,-0.689268293,0.689268293
842,trends,5.26829268292683,5.94,-0.671707317,0.671707317
843,weekly,5.39024390243902,5.30,0.090243902,0.090243902
844,july,6.75609756097561,5.98,0.776097561,0.776097561
845,month,5.9,5.18,0.72,0.72
846,beauty,7.725,7.76,-0.035,0.035
847,melbourne,7.02564102564103,6.04,0.985641026,0.985641026
848,lets,6.55,5.58,0.97,0.97
849,call,4.95,5.74,-0.79,0.79
850,sharing,6.475,7.06,-0.585,0.585
851,quit,2.375,3.90,-1.525,1.525
852,vote,4.375,5.80,-1.425,1.425
853,netherlands,6.75,5.98,0.77,0.77
854,bed,6.925,7.18,-0.255,0.255
855,cancelled,1.9,2.88,-0.98,0.98
856,riding,6.7,6.18,0.52,0.52
857,cash,6.675,7.42,-0.745,0.745
858,back,3.875,5.18,-1.305,1.305
859,luxury,7.775,7.30,0.475,0.475
860,sun,7.75,7.80,-0.05,0.05
861,flying,6.425,6.24,0.185,0.185
862,airport,5.25,5.88,-0.63,0.63
863,heart,7.25,7.22,0.03,0.03
864,advice,5.825,6.22,-0.395,0.395
865,lovely,7.9,7.32,0.58,0.58
866,festival,7.41025641025641,7.70,-0.28974359,0.28974359
867,lonely,1.375,2.86,-1.485,1.485
868,japanese,6.56410256410256,6.02,0.544102564,0.544102564
869,happiness,8.575,8.44,0.135,0.135
870,tennessee,5.82051282051282,5.82,0.000512821,0.000512821
871,low,2.41463414634146,3.66,-1.245365854,1.245365854
872,history,6.21951219512195,5.84,0.379512195,0.379512195
873,rome,7.19512195121951,6.98,0.215121951,0.215121951
874,magical,8.04878048780488,7.38,0.668780488,0.668780488
875,wonderful,8.29268292682927,7.76,0.532682927,0.532682927
876,visited,6.70731707317073,6.30,0.407317073,0.407317073
877,escape,6.63414634146341,5.64,0.994146341,0.994146341
878,delicious,8.21951219512195,7.92,0.299512195,0.299512195
879,american,6.21951219512195,6.74,-0.520487805,0.520487805
880,seat,4.73170731707317,5.86,-1.128292683,1.128292683
881,boston,6.24390243902439,5.76,0.483902439,0.483902439
882,farm,5.39024390243902,6.22,-0.829756098,0.829756098
883,happened,5.63414634146341,5.02,0.614146341,0.614146341
884,currency,5.51219512195122,6.66,-1.147804878,1.147804878
885,fun,8.39024390243902,7.96,0.430243902,0.430243902
886,countries,6.78048780487805,5.68,1.100487805,1.100487805
887,chat,5.92682926829268,6.42,-0.493170732,0.493170732
888,greatest,7.60975609756098,7.26,0.349756098,0.349756098
889,world,7.04878048780488,6.52,0.528780488,0.528780488
890,beat,4.48780487804878,4.20,0.287804878,0.287804878
891,update,5.36585365853659,5.72,-0.354146341,0.354146341
892,lose,2.31707317073171,2.76,-0.442926829,0.442926829
893,sector,4.4390243902439,4.90,-0.46097561,0.46097561
894,sweden,7.31707317073171,6.28,1.037073171,1.037073171
895,glass,5.31707317073171,5.76,-0.442926829,0.442926829
896,declare,4.29268292682927,5.57,-1.277317073,1.277317073
897,minnesota,5.24390243902439,5.24,0.003902439,0.003902439
898,christmas,7.65853658536585,7.96,-0.301463415,0.301463415
899,side,5.02439024390244,5.12,-0.095609756,0.095609756
900,western,6.21951219512195,6.10,0.119512195,0.119512195
901,working,4.39024390243902,5.56,-1.169756098,1.169756098
902,facts,6.04878048780488,6.06,-0.011219512,0.011219512
903,recommend,6.82926829268293,5.64,1.189268293,1.189268293
904,tomorrow,6.17073170731707,6.18,-0.009268293,0.009268293
905,female,6.82926829268293,6.88,-0.050731707,0.050731707
906,havent,3.26829268292683,4.14,-0.871707317,0.871707317
907,track,5.4390243902439,5.14,0.29902439,0.29902439
908,freedom,8,7.90,0.1,0.1
909,bank,4.58536585365854,5.92,-1.334634146,1.334634146
910,reap,4.94871794871795,5.66,-0.711282051,0.711282051
911,foreign,6.31707317073171,5.68,0.637073171,0.637073171
912,alaska,6.82926829268293,5.64,1.189268293,1.189268293
913,glad,8.07317073170732,7.48,0.593170732,0.593170732
914,crib,4.65,5.80,-1.15,1.15
915,europe,7.21428571428571,6.40,0.814285714,0.814285714
916,tour,7.09523809523809,6.66,0.435238095,0.435238095
917,canada,6.78571428571429,5.98,0.805714286,0.805714286
918,essential,5.82926829268293,6.02,-0.190731707,0.190731707
919,weeks,6.40476190476191,5.06,1.344761905,1.344761905
920,shares,5.46341463414634,6.68,-1.216585366,1.216585366
921,ur,5.11764705882353,4.96,0.157647059,0.157647059
922,animals,7.54761904761905,6.68,0.867619048,0.867619048
923,1st,6.625,7.14,-0.515,0.515
924,bars,6.09523809523809,5.68,0.415238095,0.415238095
925,jobs,3.90243902439024,6.32,-2.417560976,2.417560976
926,prepare,5.5,5.66,-0.16,0.16
927,forward,6.07317073170732,6.10,-0.026829268,0.026829268
928,words,5.5609756097561,6.04,-0.47902439,0.47902439
929,spice,6.325,6.18,0.145,0.145
930,books,6.39024390243902,7.28,-0.889756098,0.889756098
931,hotel,7.46511627906977,6.16,1.305116279,1.305116279
932,paradise,8.51162790697674,7.92,0.591627907,0.591627907
933,diaries,5.04651162790698,5.90,-0.853488372,0.853488372
934,slow,3.23255813953488,3.78,-0.54744186,0.54744186
935,essay,2.97674418604651,4.76,-1.783255814,1.783255814
936,spot,6.2093023255814,5.26,0.949302326,0.949302326
937,airlines,4.58139534883721,5.60,-1.018604651,1.018604651
938,tickets,6.72093023255814,6.34,0.380930233,0.380930233
939,tale,6.06976744186047,6.24,-0.170232558,0.170232558
940,order,5.09302325581395,5.22,-0.126976744,0.126976744
941,african,5.23255813953488,5.66,-0.42744186,0.42744186
942,cars,6.27906976744186,6.26,0.019069767,0.019069767
943,details,5.90697674418605,5.74,0.166976744,0.166976744
944,kansas,4.16279069767442,5.12,-0.957209302,0.957209302
945,maryland,5.16279069767442,5.84,-0.677209302,0.677209302
946,things,5.775,5.76,0.015,0.015
947,photograph,7.25,6.96,0.29,0.29
948,nyc,6.9,5.98,0.92,0.92
949,activities,7.3,6.46,0.84,0.84
950,thinking,6.45,6.28,0.17,0.17
951,run,4.65,5.48,-0.83,0.83
952,sitting,5.55,5.68,-0.13,0.13
953,featured,6.45,5.90,0.55,0.55
954,celebrating,7.9,8.00,-0.1,0.1
955,breakfast,7.5,6.86,0.64,0.64
956,strange,4.35,4.36,-0.01,0.01
957,holland,7.35,6.24,1.11,1.11
958,utah,5.525,5.16,0.365,0.365
959,sick,1.51282051282051,2.02,-0.507179487,0.507179487
960,read,6.075,6.52,-0.445,0.445
961,africa,5.625,5.26,0.365,0.365
962,paris,7.2,6.86,0.34,0.34
963,traveler,7.15,6.56,0.59,0.59
964,canada,6.75,5.98,0.77,0.77
965,island,7.525,6.78,0.745,0.745
966,car,6.5,6.72,-0.22,0.22
967,fall,5.275,4.04,1.235,1.235
968,hill,5.775,5.98,-0.205,0.205
969,gear,5.75,5.34,0.41,0.41
970,houses,6.225,6.16,0.065,0.065
971,ruins,5.925,3.98,1.945,1.945
972,queen,6.25,6.24,0.01,0.01
973,british,6.9,5.66,1.24,1.24
974,rain,4.375,6.36,-1.985,1.985
975,jamaica,6.9,6.32,0.58,0.58
976,usa,6.76744186046512,6.58,0.18744186,0.18744186
977,rome,7.67441860465116,6.98,0.694418605,0.694418605
978,rates,4.25581395348837,4.84,-0.584186047,0.584186047
979,bad,1.76744186046512,2.64,-0.87255814,0.87255814
980,eating,7.86046511627907,7.30,0.560465116,0.560465116
981,seattle,6.72093023255814,5.90,0.820930233,0.820930233
982,late,2.93023255813953,3.46,-0.529767442,0.529767442
983,victoria,6.04878048780488,5.88,0.168780488,0.168780488
984,baby,5.23255813953488,7.28,-2.04744186,2.04744186
985,term,4.65116279069767,4.94,-0.288837209,0.288837209
986,mountains,7.53488372093023,6.96,0.574883721,0.574883721
987,sleeping,6.69767441860465,7.02,-0.322325581,0.322325581
988,travelers,6.27906976744186,6.26,0.019069767,0.019069767
989,pink,5.95348837209302,6.32,-0.366511628,0.366511628
990,security,5.02325581395349,6.10,-1.076744186,1.076744186
991,customs,3.55813953488372,5.36,-1.801860465,1.801860465
992,up,6.6046511627907,6.14,0.464651163,0.464651163
993,food,7.45238095238095,7.44,0.012380952,0.012380952
994,australia,7.19047619047619,6.40,0.79047619,0.79047619
995,south,5.97619047619048,6.16,-0.183809524,0.183809524
996,vacation,8.26190476190476,7.92,0.341904762,0.341904762
997,stories,7.09523809523809,6.62,0.475238095,0.475238095
998,palace,6.75609756097561,6.68,0.076097561,0.076097561
999,alternative,5.35714285714286,5.94,-0.582857143,0.582857143
1000,learning,7,6.92,0.08,0.08
1001,girl,6.19047619047619,7.00,-0.80952381,0.80952381
1002,single,4.38095238095238,5.12,-0.739047619,0.739047619
1003,young,6.42857142857143,6.82,-0.391428571,0.391428571
1004,airport,4.95238095238095,5.88,-0.927619048,0.927619048
1005,wondered,6.4390243902439,6.42,0.01902439,0.01902439
1006,beach,7.75,7.94,-0.19,0.19
1007,sunrise,7.825,7.04,0.785,0.785
1008,festival,7.2,7.70,-0.5,0.5
1009,vietnam,4.66666666666667,4.42,0.246666667,0.246666667
1010,ideas,6.775,7.16,-0.385,0.385
1011,short,3.975,4.46,-0.485,0.485
1012,lights,6.975,6.32,0.655,0.655
1013,afternoon,7.025,5.98,1.045,1.045
1014,relaxing,8.6,7.52,1.08,1.08
1015,instant,6.15,6.08,0.07,0.07
1016,diary,5.325,5.94,-0.615,0.615
1017,app,4.80555555555556,5.20,-0.394444444,0.394444444
1018,muslim,4.46153846153846,4.64,-0.178461538,0.178461538
1019,insurance,3.66666666666667,5.24,-1.573333333,1.573333333
1020,cloudy,4.275,4.98,-0.705,0.705
1021,deals,7.58536585365854,6.50,1.085365854,1.085365854
1022,abroad,7.46341463414634,6.96,0.503414634,0.503414634
1023,summer,7.58536585365854,6.40,1.185365854,1.185365854
1024,dream,7.78048780487805,7.10,0.680487805,0.680487805
1025,walking,6.5609756097561,6.18,0.38097561,0.38097561
1026,castle,7.26829268292683,6.34,0.928292683,0.928292683
1027,region,5.82926829268293,5.14,0.689268293,0.689268293
1028,stars,7.70731707317073,7.10,0.607317073,0.607317073
1029,vancouver,6.60975609756098,5.32,1.289756098,1.289756098
1030,card,5.17073170731707,5.72,-0.549268293,0.549268293
1031,agent,4.95121951219512,5.08,-0.128780488,0.128780488
1032,tiny,4.65853658536585,4.90,-0.241463415,0.241463415
1033,discovered,7,7.00,0,0
1034,memorial,4.60975609756098,4.96,-0.350243902,0.350243902
1035,identification,5.19512195121951,5.73,-0.534878049,0.534878049
1036,latest,6.19047619047619,6.06,0.13047619,0.13047619
1037,place,6.61904761904762,5.56,1.059047619,1.059047619
1038,explore,7.66666666666667,6.37,1.296666667,1.296666667
1039,miss,2.71428571428571,3.64,-0.925714286,0.925714286
1040,start,7.09523809523809,6.10,0.995238095,0.995238095
1041,climbing,5.90476190476191,6.04,-0.135238095,0.135238095
1042,film,6.23809523809524,6.56,-0.321904762,0.321904762
1043,restaurants,7.35714285714286,6.62,0.737142857,0.737142857
1044,location,6.95238095238095,5.68,1.272380952,1.272380952
1045,rental,5.47619047619048,4.90,0.576190476,0.576190476
1046,cooking,6,7.08,-1.08,1.08
1047,friends,7.72093023255814,7.92,-0.199069767,0.199069767
1048,theres,5.34146341463415,4.66,0.681463415,0.681463415
1049,choice,7.32558139534884,6.24,1.085581395,1.085581395
1050,months,5.2093023255814,5.16,0.049302326,0.049302326
1051,moving,4.93023255813953,5.36,-0.429767442,0.429767442
1052,books,6.3953488372093,7.28,-0.884651163,0.884651163
1053,challenge,4.72093023255814,5.78,-1.059069767,1.059069767
1054,scene,6.44186046511628,5.94,0.501860465,0.501860465
1055,shots,4.62790697674419,3.32,1.307906977,1.307906977
1056,featuring,6.16666666666667,5.78,0.386666667,0.386666667
1057,february,5.13953488372093,5.08,0.059534884,0.059534884
1058,ambulance,2.11627906976744,3.10,-0.98372093,0.98372093
1059,connecticut,4.97619047619048,5.56,-0.583809524,0.583809524
1060,london,7.76744186046512,6.46,1.30744186,1.30744186
1061,lost,1.83720930232558,2.76,-0.922790698,0.922790698
1062,pics,7.80952380952381,6.40,1.40952381,1.40952381
1063,romantic,8.02325581395349,7.72,0.303255814,0.303255814
1064,restaurant,8.16279069767442,7.06,1.102790698,1.102790698
1065,inside,5.90697674418605,5.40,0.506976744,0.506976744
1066,tour,7.2093023255814,6.66,0.549302326,0.549302326
1067,music,7.62790697674419,8.02,-0.392093023,0.392093023
1068,carnival,7.51162790697674,7.10,0.411627907,0.411627907
1069,mine,5.7906976744186,6.30,-0.509302326,0.509302326
1070,sweet,7.88372093023256,7.64,0.24372093,0.24372093
1071,surprise,7.58139534883721,7.42,0.161395349,0.161395349
1072,pennsylvania,5.80952380952381,5.64,0.16952381,0.16952381
1073,food,7.72093023255814,7.44,0.280930233,0.280930233
1074,cool,7,7.20,-0.2,0.2
1075,lessons,5.04651162790698,5.98,-0.933488372,0.933488372
1076,rocks,5.62790697674419,5.96,-0.332093023,0.332093023
1077,means,4.95348837209302,5.64,-0.686511628,0.686511628
1078,resort,6.93023255813953,7.10,-0.169767442,0.169767442
1079,district,5.06976744186047,5.14,-0.070232558,0.070232558
1080,photos,6.97674418604651,6.94,0.036744186,0.036744186
1081,departure,6.18604651162791,4.76,1.426046512,1.426046512
1082,night,6.58536585365854,6.22,0.365365854,0.365365854
1083,living,7.41463414634146,6.68,0.734634146,0.734634146
1084,change,5.65853658536585,5.56,0.098536585,0.098536585
1085,quote,5.38888888888889,5.46,-0.071111111,0.071111111
1086,fresh,7.8780487804878,7.26,0.61804878,0.61804878
1087,chinese,5.95121951219512,5.64,0.311219512,0.311219512
1088,vegan,4.14634146341463,4.82,-0.673658537,0.673658537
1089,egypt,6.36585365853659,6.26,0.105853659,0.105853659
1090,wall,4.09756097560976,4.98,-0.882439024,0.882439024
1091,lots,6.34146341463415,6.28,0.061463415,0.061463415
1092,abandoned,2.63414634146341,2.54,0.094146341,0.094146341
1093,fee,2.73170731707317,3.46,-0.728292683,0.728292683
1094,country,6.97368421052632,6.28,0.693684211,0.693684211
1095,beauty,8.31578947368421,7.76,0.555789474,0.555789474
1096,ireland,7.52631578947368,5.98,1.546315789,1.546315789
1097,inspiration,7.44736842105263,7.02,0.427368421,0.427368421
1098,camera,7.18421052631579,6.80,0.384210526,0.384210526
1099,questions,5.21621621621622,5.00,0.216216216,0.216216216
1100,trail,7.36842105263158,6.14,1.228421053,1.228421053
1101,step,5.21052631578947,5.32,-0.109473684,0.109473684
1102,pool,7.26315789473684,6.78,0.483157895,0.483157895
1103,netherlands,7.34210526315789,5.98,1.362105263,1.362105263
1104,youtube,5.52631578947368,6.92,-1.393684211,1.393684211
1105,villages,6.73684210526316,6.72,0.016842105,0.016842105
1106,shuttle,5.23684210526316,5.78,-0.543157895,0.543157895
1107,photo,6.61538461538461,6.88,-0.264615385,0.264615385
1108,experience,7.33333333333333,6.34,0.993333333,0.993333333
1109,london,7,6.46,0.54,0.54
1110,perfect,8.275,7.42,0.855,0.855
1111,tower,5.75,5.66,0.09,0.09
1112,were,6.02564102564103,4.86,1.165641026,1.165641026
1113,greek,6.28205128205128,6.08,0.202051282,0.202051282
1114,hour,5.45,5.32,0.13,0.13
1115,ski,5.79487179487179,5.84,-0.045128205,0.045128205
1116,hit,3.59459459459459,4.58,-0.985405405,0.985405405
1117,peace,7.45,7.86,-0.41,0.41
1118,jumping,6.05,6.14,-0.09,0.09
1119,tales,6.4,6.50,-0.1,0.1
1120,love,8.075,8.42,-0.345,0.345
1121,china,4.78378378378378,5.40,-0.616216216,0.616216216
1122,bloggers,4.825,5.50,-0.675,0.675
1123,light,6.55,6.40,0.15,0.15
1124,special,7.15,7.20,-0.05,0.05
1125,streets,5.825,5.64,0.185,0.185
1126,states,6.125,5.64,0.485,0.485
1127,rise,5.45,6.36,-0.91,0.91
1128,modern,6.75,6.48,0.27,0.27
1129,dear,6.375,6.94,-0.565,0.565
1130,screening,4.07692307692308,5.06,-0.983076923,0.983076923
1131,year,5.23809523809524,5.38,-0.141904762,0.141904762
1132,nature,7.04761904761905,7.24,-0.192380952,0.192380952
1133,family,6.61904761904762,7.72,-1.100952381,1.100952381
1134,sunset,7.59523809523809,7.16,0.435238095,0.435238095
1135,ride,5.85714285714286,6.14,-0.282857143,0.282857143
1136,green,6.78571428571429,6.78,0.005714286,0.005714286
1137,relax,7.64285714285714,7.70,-0.057142857,0.057142857
1138,mistakes,2.54761904761905,2.92,-0.372380952,0.372380952
1139,begins,6.35714285714286,5.94,0.417142857,0.417142857
1140,birds,6.88095238095238,6.96,-0.079047619,0.079047619
1141,weeks,5.52380952380952,5.06,0.463809524,0.463809524
1142,rio,5.25,5.74,-0.49,0.49
1143,feature,5.69230769230769,5.98,-0.287692308,0.287692308
1144,searching,5.40476190476191,5.04,0.364761905,0.364761905
1145,twitter,4.54761904761905,5.46,-0.912380952,0.912380952
1146,australia,7.26190476190476,6.40,0.861904762,0.861904762
1147,north,5.61904761904762,5.52,0.099047619,0.099047619
1148,relax,8.54761904761905,7.70,0.847619048,0.847619048
1149,sounds,6.73809523809524,5.98,0.758095238,0.758095238
1150,requirements,3.4047619047619,4.98,-1.575238095,1.575238095
1151,tours,6.66666666666667,6.68,-0.013333333,0.013333333
1152,crossing,4.85365853658537,5.34,-0.486341463,0.486341463
1153,running,4.88095238095238,5.70,-0.819047619,0.819047619
1154,scenes,7.35714285714286,5.90,1.457142857,1.457142857
1155,central,5.34883720930233,5.60,-0.251162791,0.251162791
1156,destination,7.06976744186047,6.40,0.669767442,0.669767442
1157,head,4.80952380952381,5.96,-1.15047619,1.15047619
1158,weekend,7.7906976744186,8.00,-0.209302326,0.209302326
1159,pass,5.07142857142857,5.90,-0.828571429,0.828571429
1160,gift,7.27906976744186,7.72,-0.440930233,0.440930233
1161,african,5.3953488372093,5.66,-0.264651163,0.264651163
1162,minute,4.90697674418605,5.50,-0.593023256,0.593023256
1163,march,5.18604651162791,5.78,-0.593953488,0.593953488
1164,spending,4.48837209302326,5.24,-0.751627907,0.751627907
1165,bike,6.06976744186047,6.72,-0.650232558,0.650232558
1166,hand,4.78571428571429,5.90,-1.114285714,1.114285714
1167,enjoy,7.48837209302326,7.66,-0.171627907,0.171627907
1168,including,6.32558139534884,5.96,0.365581395,0.365581395
1169,day,6.48717948717949,6.24,0.247179487,0.247179487
1170,planning,6.35897435897436,6.16,0.198974359,0.198974359
1171,valley,6.56410256410256,6.26,0.304102564,0.304102564
1172,dishes,3.61538461538462,5.36,-1.744615385,1.744615385
1173,guess,4.41025641025641,5.64,-1.22974359,1.22974359
1174,trek,6.51282051282051,5.48,1.032820513,1.032820513
1175,public,5.66666666666667,5.18,0.486666667,0.486666667
1176,feeling,5.87179487179487,5.70,0.171794872,0.171794872
1177,republic,4.71794871794872,5.76,-1.042051282,1.042051282
1178,georgia,5.73684210526316,5.44,0.296842105,0.296842105
1179,orange,5.43589743589744,6.54,-1.104102564,1.104102564
1180,ferry,6.55263157894737,5.98,0.572631579,0.572631579
1181,european,6.85,5.94,0.91,0.91
1182,experiences,7.625,6.32,1.305,1.305
1183,spain,7.1,6.20,0.9,0.9
1184,show,6.15,6.24,-0.09,0.09
1185,inn,5.95,6.02,-0.07,0.07
1186,coffee,6.725,7.18,-0.455,0.455
1187,scotland,7.075,6.68,0.395,0.395
1188,round,5.225,5.54,-0.315,0.315
1189,offers,6.82051282051282,6.48,0.340512821,0.340512821
1190,chile,6.20512820512821,5.74,0.465128205,0.465128205
1191,king,5.175,6.18,-1.005,1.005
1192,dog,6.425,6.70,-0.275,0.275
1193,tips,5.23809523809524,6.28,-1.041904762,1.041904762
1194,room,6.11627906976744,5.52,0.59627907,0.59627907
1195,california,6.88372093023256,6.08,0.80372093,0.80372093
1196,breakfast,7.46511627906977,6.86,0.605116279,0.605116279
1197,listing,4.90476190476191,5.36,-0.455238095,0.455238095
1198,tea,6.32558139534884,6.66,-0.334418605,0.334418605
1199,area,5.51219512195122,5.44,0.072195122,0.072195122
1200,exciting,7.72093023255814,7.58,0.140930233,0.140930233
1201,poland,5.09302325581395,5.88,-0.786976744,0.786976744
1202,common,4.59523809523809,4.92,-0.324761905,0.324761905
1203,border,4.7906976744186,4.90,-0.109302326,0.109302326
1204,busy,4.67441860465116,4.58,0.094418605,0.094418605
1205,suspended,1.95348837209302,3.08,-1.126511628,1.126511628
1206,vegas,6.34883720930233,6.36,-0.011162791,0.011162791
1207,delaware,4.53488372093023,5.58,-1.045116279,1.045116279
1208,stay,5.92857142857143,5.56,0.368571429,0.368571429
1209,traveling,7.29268292682927,6.78,0.512682927,0.512682927
1210,small,4.57142857142857,4.52,0.051428571,0.051428571
1211,wildlife,7.65853658536585,6.98,0.678536585,0.678536585
1212,forest,7.40476190476191,6.68,0.724761905,0.724761905
1213,sunrise,7.48780487804878,7.04,0.447804878,0.447804878
1214,biggest,6.04761904761905,6.00,0.047619048,0.047619048
1215,driving,5.47619047619048,6.18,-0.703809524,0.703809524
1216,middle,4.80952380952381,5.34,-0.53047619,0.53047619
1217,life,6.19512195121951,7.32,-1.124878049,1.124878049
1218,happen,5.42857142857143,5.28,0.148571429,0.148571429
1219,january,4.85714285714286,5.70,-0.842857143,0.842857143
1220,edition,4.92857142857143,5.52,-0.591428571,0.591428571
1221,photo,7.02380952380952,6.88,0.143809524,0.143809524
1222,resort,7.45238095238095,7.10,0.352380952,0.352380952
1223,man,5.45238095238095,5.90,-0.447619048,0.447619048
1224,grand,6.97619047619048,7.06,-0.083809524,0.083809524
1225,created,6.16666666666667,6.06,0.106666667,0.106666667
1226,weather,6.04761904761905,5.88,0.167619048,0.167619048
1227,nights,7.07142857142857,6.52,0.551428571,0.551428571
1228,landscape,7.16666666666667,6.68,0.486666667,0.486666667
1229,tool,4.92857142857143,5.26,-0.331428571,0.331428571
1230,blogging,4.83333333333333,5.82,-0.986666667,0.986666667
1231,swimming,7,6.52,0.48,0.48
1232,overseas,7.02380952380952,6.06,0.963809524,0.963809524
1233,technology,6.59523809523809,6.74,-0.144761905,0.144761905
1234,project,5.07142857142857,5.74,-0.668571429,0.668571429
1235,wisconsin,5.02380952380952,5.56,-0.536190476,0.536190476
1236,europe,7.18604651162791,6.40,0.786046512,0.786046512
1237,uk,6.81395348837209,5.84,0.973953488,0.973953488
1238,hours,4.72093023255814,5.22,-0.499069767,0.499069767
1239,discover,7.46511627906977,6.84,0.625116279,0.625116279
1240,sunday,6.02325581395349,7.28,-1.256744186,1.256744186
1241,interesting,7.95348837209302,7.52,0.433488372,0.433488372
1242,drink,6.55813953488372,6.36,0.198139535,0.198139535
1243,tokyo,7,5.76,1.24,1.24
1244,heritage,6.86046511627907,6.68,0.180465116,0.180465116
1245,flights,5.72093023255814,5.98,-0.259069767,0.259069767
1246,language,5.83720930232558,6.58,-0.742790698,0.742790698
1247,giveaway,7.69767441860465,6.38,1.317674419,1.317674419
1248,dark,3.30232558139535,3.82,-0.517674419,0.517674419
1249,pro,6.13953488372093,5.88,0.259534884,0.259534884
1250,highway,5.16279069767442,5.48,-0.317209302,0.317209302
1251,top,6.725,6.76,-0.035,0.035
1252,park,6.90476190476191,7.08,-0.175238095,0.175238095
1253,italy,7.34146341463415,6.18,1.161463415,1.161463415
1254,book,6.26190476190476,7.24,-0.978095238,0.978095238
1255,sea,7.33333333333333,6.94,0.393333333,0.393333333
1256,museum,6.57142857142857,6.68,-0.108571429,0.108571429
1257,west,6.25,5.68,0.57,0.57
1258,sailing,6.59523809523809,6.86,-0.264761905,0.264761905
1259,deal,7.47619047619048,6.32,1.156190476,1.156190476
1260,unusual,5.97619047619048,4.44,1.536190476,1.536190476
1261,discount,7.57142857142857,7.20,0.371428571,0.371428571
1262,moment,6.95121951219512,5.68,1.271219512,1.271219512
1263,website,5.66666666666667,6.28,-0.613333333,0.613333333
1264,capture,5.5609756097561,4.18,1.38097561,1.38097561
1265,trek,5.83333333333333,5.48,0.353333333,0.353333333
1266,sailing,6.71428571428571,6.86,-0.145714286,0.145714286
1267,list,4.78947368421053,5.46,-0.670526316,0.670526316
1268,river,7.23076923076923,6.68,0.550769231,0.550769231
1269,hot,5.28205128205128,5.02,0.262051282,0.262051282
1270,flights,5.38461538461539,5.98,-0.595384615,0.595384615
1271,work,2.48717948717949,5.24,-2.752820513,2.752820513
1272,class,5.15384615384615,5.52,-0.366153846,0.366153846
1273,women,7.05128205128205,7.12,-0.068717949,0.068717949
1274,traditional,5.33333333333333,6.12,-0.786666667,0.786666667
1275,cold,4.17948717948718,4.22,-0.040512821,0.040512821
1276,climb,5.74358974358974,5.68,0.063589744,0.063589744
1277,mumbai,5.05714285714286,5.58,-0.522857143,0.522857143
1278,museums,6.87179487179487,6.78,0.091794872,0.091794872
1279,whilst,4.72222222222222,5.04,-0.317777778,0.317777778
1280,police,3.12820512820513,4.58,-1.451794872,1.451794872
1281,indiana,4.84615384615385,5.66,-0.813846154,0.813846154
1282,adventure,7.38095238095238,7.30,0.080952381,0.080952381
1283,review,5.11904761904762,5.32,-0.200952381,0.200952381
1284,easy,7.09523809523809,6.76,0.335238095,0.335238095
1285,temple,5.95238095238095,6.14,-0.187619048,0.187619048
1286,hawaii,8.02380952380952,7.02,1.003809524,1.003809524
1287,sights,7.5,6.00,1.5,1.5
1288,mind,6.04761904761905,6.04,0.007619048,0.007619048
1289,wonders,7.59523809523809,6.78,0.815238095,0.815238095
1290,page,5.07142857142857,5.62,-0.548571429,0.548571429
1291,case,4.80952380952381,5.02,-0.21047619,0.21047619
1292,movies,6.35714285714286,7.34,-0.982857143,0.982857143
1293,reality,5.71428571428571,5.94,-0.225714286,0.225714286
1294,solo,4.41025641025641,5.56,-1.14974359,1.14974359
1295,bridge,5.8974358974359,5.86,0.037435897,0.037435897
1296,cheap,6.35897435897436,5.48,0.878974359,0.878974359
1297,amsterdam,6.69230769230769,6.14,0.552307692,0.552307692
1298,fit,6.05128205128205,6.22,-0.168717949,0.168717949
1299,bring,5.51282051282051,5.30,0.212820513,0.212820513
1300,gallery,6.26315789473684,6.72,-0.456842105,0.456842105
1301,thought,5.84615384615385,6.38,-0.533846154,0.533846154
1302,doesnt,3.30769230769231,3.90,-0.592307692,0.592307692
1303,set,5.02564102564103,5.58,-0.554358974,0.554358974
1304,typical,4.51282051282051,5.22,-0.707179487,0.707179487
1305,facebook,4.94871794871795,6.08,-1.131282051,1.131282051
1306,leaving,4.82051282051282,3.58,1.240512821,1.240512821
1307,wednesday,5.07692307692308,5.38,-0.303076923,0.303076923
1308,vietnam,4.29268292682927,4.42,-0.127317073,0.127317073
1309,learn,7.34146341463415,6.70,0.641463415,0.641463415
1310,unique,7.48780487804878,6.98,0.507804878,0.507804878
1311,village,6.39024390243902,6.28,0.110243902,0.110243902
1312,talk,6.4390243902439,6.06,0.37902439,0.37902439
1313,series,5.8,5.46,0.34,0.34
1314,cost,3.80487804878049,4.10,-0.295121951,0.295121951
1315,dreams,7.70731707317073,7.44,0.267317073,0.267317073
1316,airline,5.1219512195122,5.62,-0.49804878,0.49804878
1317,signs,5.63414634146341,5.54,0.094146341,0.094146341
1318,rooms,6.70731707317073,5.58,1.127317073,1.127317073
1319,smart,6.92682926829268,7.48,-0.553170732,0.553170732
1320,sound,6.21951219512195,5.86,0.359512195,0.359512195
1321,oklahoma,4.73170731707317,5.48,-0.748292683,0.748292683
1322,travel,7.09756097560976,7.18,-0.082439024,0.082439024
1323,video,6.39024390243902,6.48,-0.089756098,0.089756098
1324,eat,7.6,7.04,0.56,0.56
1325,turkey,5.68292682926829,6.16,-0.477073171,0.477073171
1326,tip,5.82926829268293,6.24,-0.410731707,0.410731707
1327,wildlife,7.8780487804878,6.98,0.89804878,0.89804878
1328,history,7.19512195121951,5.84,1.355121951,1.355121951
1329,group,6.02439024390244,5.92,0.104390244,0.104390244
1330,harbor,6.825,6.06,0.765,0.765
1331,gate,4.5,5.18,-0.68,0.68
1332,contest,5.58536585365854,5.78,-0.194634146,0.194634146
1333,click,4.82051282051282,5.72,-0.899487179,0.899487179
1334,december,6.1219512195122,6.34,-0.21804878,0.21804878
1335,city,6.60975609756098,5.76,0.849756098,0.849756098
1336,melbourne,7.07692307692308,6.04,1.036923077,1.036923077
1337,end,2.80487804878049,4.36,-1.555121951,1.555121951
1338,fly,6.19512195121951,6.32,-0.124878049,0.124878049
1339,fantastic,8,7.78,0.22,0.22
1340,cave,5.82926829268293,5.73,0.099268293,0.099268293
1341,washington,6.07317073170732,6.04,0.033170732,0.033170732
1342,fort,5.82926829268293,5.68,0.149268293,0.149268293
1343,fishing,5.36585365853659,6.18,-0.814146341,0.814146341
1344,wanted,5.53658536585366,5.08,0.456585366,0.456585366
1345,mumbai,5.55,5.58,-0.03,0.03
1346,test,3.125,4.06,-0.935,0.935
1347,freedom,7.21951219512195,7.90,-0.680487805,0.680487805
