Term,LabMT Sentiment,WSU Sentiment,LabMT - WSU,abs(LabMT - WSU)
discovered,7,7,0,0
sites,6,6.000304878,-0.000304878,0.000304878
tennessee,5.82,5.820512821,-0.000512821,0.000512821
zoo,6.62,6.619047619,0.000952381,0.000952381
magazine,5.9,5.902439024,-0.002439024,0.002439024
cook,6.64,6.642857143,-0.002857143,0.002857143
calling,5.74,5.743589744,-0.003589744,0.003589744
minnesota,5.24,5.243902439,-0.003902439,0.003902439
streets,5.64,5.644207317,-0.004207317,0.004207317
dinner,7.4,7.395348837,0.004651163,0.004651163
window,6.1,6.095238095,0.004761905,0.004761905
tale,6.24,6.234883721,0.005116279,0.005116279
photos,6.94,6.945651248,-0.005651248,0.005651248
green,6.78,6.785714286,-0.005714286,0.005714286
mind,6.04,6.047619048,-0.007619048,0.007619048
door,5.38,5.372093023,0.007906977,0.007906977
house,6.34,6.332012195,0.007987805,0.007987805
tomorrow,6.18,6.170731707,0.009268293,0.009268293
texas,5.54,5.55,-0.01,0.01
queen,6.24,6.25,-0.01,0.01
strange,4.36,4.35,0.01,0.01
based,5.26,5.27027027,-0.01027027,0.01027027
i'll,5.38,5.365853659,0.014146341,0.014146341
terrorist,1.3,1.285714286,0.014285714,0.014285714
fun,7.96,7.945121951,0.014878049,0.014878049
fear,2.32,2.302325581,0.017674419,0.017674419
you're,5.3,5.282051282,0.017948718,0.017948718
cave,5.73,5.74796748,-0.01796748,0.01796748
app,5.2,5.181847546,0.018152455,0.018152455
wondered,6.42,6.43902439,-0.01902439,0.01902439
pillow,6.88,6.860465116,0.019534884,0.019534884
readers,6.16,6.139534884,0.020465116,0.020465116
complete,6.74,6.761904762,-0.021904762,0.021904762
find,6,5.975,0.025,0.025
agree,6.7,6.675,0.025,0.025
forward,6.1,6.073170732,0.026829268,0.026829268
vacation,7.92,7.947766704,-0.027766704,0.027766704
heart,7.22,7.25,-0.03,0.03
here's,5.12,5.15,-0.03,0.03
seasons,6.76,6.728587635,0.031412365,0.031412365
half,4.6,4.631578947,-0.031578947,0.031578947
saturday,7.42,7.452380952,-0.032380952,0.032380952
washington,6.04,6.073170732,-0.033170732,0.033170732
stars,7.1,7.066158537,0.033841463,0.033841463
top,6.76,6.725,0.035,0.035
high,6.64,6.604651163,0.035348837,0.035348837
brazil,6.1,6.136647905,-0.036647905,0.036647905
bags,5.58,5.543269231,0.036730769,0.036730769
update,5.72,5.682926829,0.037073171,0.037073171
bridge,5.86,5.897435897,-0.037435897,0.037435897
miles,5.3,5.261486103,0.038513897,0.038513897
bit,4.54,4.5,0.04,0.04
met,5.82,5.860465116,-0.040465116,0.040465116
cold,4.22,4.179487179,0.040512821,0.040512821
usa,6.58,6.538482835,0.041517165,0.041517165
urban,5.84,5.88372093,-0.04372093,0.04372093
sale,6.58,6.625641026,-0.045641026,0.045641026
camp,6.26,6.214285714,0.045714286,0.045714286
meet,6.38,6.333333333,0.046666667,0.046666667
biggest,6,6.047619048,-0.047619048,0.047619048
it's,4.88,4.928571429,-0.048571429,0.048571429
sun,7.8,7.75,0.05,0.05
special,7.2,7.15,0.05,0.05
female,6.88,6.829268293,0.050731707,0.050731707
small,4.52,4.571428571,-0.051428571,0.051428571
subway,5.32,5.372093023,-0.052093023,0.052093023
hope,7.38,7.435897436,-0.055897436,0.055897436
ski,5.84,5.897435897,-0.057435897,0.057435897
bath,6.96,6.902439024,0.057560976,0.057560976
spa,6.92,6.977574751,-0.05757475,0.05757475
successful,8.16,8.219512195,-0.059512195,0.059512195
february,5.08,5.139534884,-0.059534884,0.059534884
vietnam,4.42,4.479674797,-0.059674797,0.059674797
asia,6.22,6.280487805,-0.060487805,0.060487805
future,6.76,6.820512821,-0.060512821,0.060512821
beach,7.94,7.87841173,0.06158827,0.06158827
stories,6.62,6.681765389,-0.061765389,0.061765389
museums,6.78,6.842810291,-0.06281029,0.06281029
climb,5.68,5.743589744,-0.063589744,0.063589744
photo,6.88,6.945651248,-0.065651248,0.065651248
celebrate,7.98,8.048780488,-0.068780488,0.068780488
posts,5.32,5.388825865,-0.068825865,0.068825865
offer,6.62,6.689326178,-0.069326178,0.069326178
inn,6.02,5.95,0.07,0.07
instant,6.08,6.15,-0.07,0.07
district,5.14,5.069767442,0.070232558,0.070232558
thursday,5.86,5.789473684,0.070526316,0.070526316
area,5.44,5.512195122,-0.072195122,0.072195122
bar,5.82,5.893772893,-0.073772893,0.073772893
palace,6.68,6.756097561,-0.076097561,0.076097561
november,6.1,6.023255814,0.076744186,0.076744186
birds,6.96,6.880952381,0.079047619,0.079047619
drinking,6.14,6.219512195,-0.079512195,0.079512195
learning,6.92,7,-0.08,0.08
archive,5.52,5.439387228,0.080612772,0.080612772
guide,6.1,6.181621213,-0.081621213,0.081621213
grand,7.06,6.976190476,0.083809524,0.083809524
hills,6.4,6.316071429,0.083928572,0.083928572
lot,5.78,5.695731708,0.084268293,0.084268293
shop,6.76,6.675,0.085,0.085
lens,5.86,5.775,0.085,0.085
that's,5.28,5.365853659,-0.085853659,0.085853659
feature,5.98,5.893772893,0.086227107,0.086227107
packing,5.28,5.36722973,-0.087229729,0.087229729
railway,6.16,6.071428571,0.088571429,0.088571429
save,6.54,6.450345695,0.089654305,0.089654305
tower,5.66,5.75,-0.09,0.09
jumping,6.14,6.05,0.09,0.09
weekly,5.3,5.390243902,-0.090243902,0.090243902
post,5.48,5.388825865,0.091174135,0.091174135
beautiful,7.92,8.012195122,-0.092195122,0.092195122
abandoned,2.54,2.634146341,-0.094146341,0.094146341
busy,4.58,4.674418605,-0.094418605,0.094418605
signs,5.54,5.445278299,0.094721702,0.094721702
side,5.12,5.024390244,0.095609756,0.095609756
red,5.56,5.463414634,0.096585366,0.096585366
day,6.24,6.336613,-0.096612999,0.096612999
bag,5.64,5.543269231,0.096730769,0.096730769
real,6.78,6.682926829,0.097073171,0.097073171
wow,7.46,7.558139535,-0.098139535,0.098139535
change,5.56,5.658536585,-0.098536585,0.098536585
north,5.52,5.619047619,-0.099047619,0.099047619
space,5.96,5.860465116,0.099534884,0.099534884
info,6.1,6,0.1,0.1
celebrating,8,7.9,0.1,0.1
there's,5.24,5.341463415,-0.101463415,0.101463415
mobile,6.36,6.463414634,-0.103414634,0.103414634
group,5.92,6.024390244,-0.104390244,0.104390244
remember,6.42,6.525,-0.105,0.105
reserve,5.32,5.214285714,0.105714286,0.105714286
created,6.06,6.166666667,-0.106666667,0.106666667
floating,6.4,6.292682927,0.107317073,0.107317073
watching,5.84,5.947368421,-0.107368421,0.107368421
guest,6.52,6.627906977,-0.107906977,0.107906977
questions,5,5.108108108,-0.108108108,0.108108108
friend,7.66,7.550941307,0.109058693,0.109058693
border,4.9,4.790697674,0.109302326,0.109302326
kingdom,6.2,6.30952381,-0.10952381,0.10952381
platform,5.16,5.05,0.11,0.11
holiday,7.68,7.791335791,-0.111335791,0.111335791
big,6.22,6.333333333,-0.113333333,0.113333333
afford,6.16,6.046511628,0.113488372,0.113488372
support,6.44,6.325,0.115,0.115
crazy,4.64,4.523809524,0.116190476,0.116190476
fave,6.04,6.157894737,-0.117894737,0.117894737
classic,6.58,6.461538462,0.118461538,0.118461538
i've,5.58,5.461538462,0.118461538,0.118461538
station,5.16,5.279069767,-0.119069767,0.119069767
western,6.1,6.219512195,-0.119512195,0.119512195
tuesday,4.98,4.860465116,0.119534884,0.119534884
chocolate,7.86,7.738095238,0.121904762,0.121904762
weird,4.2,4.325,-0.125,0.125
inspiring,7.34,7.465116279,-0.125116279,0.125116279
reasons,5.26,5.38648948,-0.12648948,0.12648948
rural,5.78,5.906976744,-0.126976744,0.126976744
order,5.22,5.093023256,0.126976744,0.126976744
inspired,7.36,7.487179487,-0.127179487,0.127179487
fab,6.1,5.972222222,0.127777778,0.127777778
question,4.98,5.108108108,-0.128108108,0.128108108
agent,5.08,4.951219512,0.128780488,0.128780488
center,5.3,5.170731707,0.129268293,0.129268293
cars,6.26,6.389534884,-0.129534884,0.129534884
shoes,6.06,5.930232558,0.129767442,0.129767442
sitting,5.68,5.55,0.13,0.13
latest,6.06,6.19047619,-0.13047619,0.13047619
capital,5.92,6.051282051,-0.131282051,0.131282051
wat,4.44,4.571428571,-0.131428571,0.131428571
point,5.42,5.552631579,-0.132631579,0.132631579
travel,7.18,7.312692555,-0.132692555,0.132692555
visitors,6.32,6.186046512,0.133953488,0.133953488
hours,5.22,5.085465117,0.134534884,0.134534884
happiness,8.44,8.575,-0.135,0.135
show,6.24,6.377325582,-0.137325582,0.137325582
i'd,5.44,5.302325581,0.137674419,0.137674419
quotes,5.6,5.461032461,0.138967539,0.138967539
buy,6.28,6.139534884,0.140465116,0.140465116
massachusetts,5.58,5.720930233,-0.140930233,0.140930233
exciting,7.58,7.720930233,-0.140930233,0.140930233
october,5.88,6.023255814,-0.143255814,0.143255814
technology,6.74,6.595238095,0.144761905,0.144761905
spice,6.18,6.325,-0.145,0.145
southern,5.64,5.785714286,-0.145714286,0.145714286
makes,5.56,5.706140351,-0.146140351,0.146140351
greek,6.08,6.228525641,-0.148525641,0.148525641
happen,5.28,5.428571429,-0.148571429,0.148571429
tree,7.12,7.269255456,-0.149255456,0.149255456
fort,5.68,5.829268293,-0.149268293,0.149268293
thoughts,6.22,6.069418387,0.150581614,0.150581614
responsible,5.8,5.951219512,-0.151219512,0.151219512
reason,5.54,5.38648948,0.153510521,0.153510521
star,7.22,7.066158537,0.153841464,0.153841464
fast,6.44,6.595238095,-0.155238095,0.155238095
villages,6.72,6.563543003,0.156456997,0.156456997
wanna,5.5,5.342857143,0.157142857,0.157142857
write,5.8,5.642857143,0.157142857,0.157142857
ur,4.96,5.117647059,-0.157647059,0.157647059
service,6,5.842105263,0.157894737,0.157894737
part,4.98,4.820512821,0.159487179,0.159487179
tonight,6.14,6.3,-0.16,0.16
prepare,5.66,5.5,0.16,0.16
items,5.38,5.219512195,0.160487805,0.160487805
states,5.64,5.800595238,-0.160595238,0.160595238
surprise,7.42,7.581395349,-0.161395349,0.161395349
museum,6.68,6.842810291,-0.162810291,0.162810291
april,6.36,6.523809524,-0.163809524,0.163809524
details,5.74,5.906976744,-0.166976744,0.166976744
domestic,5.46,5.292682927,0.167317073,0.167317073
weather,5.88,6.047619048,-0.167619048,0.167619048
traveler,6.56,6.728367839,-0.168367839,0.168367839
holidays,7.96,7.791335791,0.168664209,0.168664209
fit,6.22,6.051282051,0.168717949,0.168717949
pennsylvania,5.64,5.80952381,-0.16952381,0.16952381
thinking,6.28,6.45,-0.17,0.17
heading,5.62,5.45,0.17,0.17
feeling,5.7,5.871794872,-0.171794872,0.171794872
houses,6.16,6.332012195,-0.172012195,0.172012195
loving,7.96,7.785714286,0.174285714,0.174285714
saving,6.96,6.785714286,0.174285715,0.174285715
nature,7.24,7.416666667,-0.176666667,0.176666667
secret,4.84,5.01754386,-0.17754386,0.17754386
information,6.48,6.302325581,0.177674419,0.177674419
fly,6.32,6.5,-0.18,0.18
thing,5.58,5.399695122,0.180304878,0.180304878
lifetime,6.26,6.441860465,-0.181860465,0.181860465
totally,6.02,5.837209302,0.182790698,0.182790698
south,6.16,5.976190476,0.183809524,0.183809524
miami,6.18,6.364880953,-0.184880953,0.184880953
flying,6.24,6.425,-0.185,0.185
vegas,6.36,6.546511628,-0.186511628,0.186511628
pictures,7.06,7.247252747,-0.187252747,0.187252747
black,4.88,4.69047619,0.18952381,0.18952381
pm,5.52,5.710526316,-0.190526316,0.190526316
wine,6.42,6.612308565,-0.192308565,0.192308565
parks,7.14,7.333333334,-0.193333334,0.193333334
journey,7.14,7.33377193,-0.19377193,0.19377193
dubai,5.54,5.346109176,0.193890825,0.193890825
food,7.44,7.635006167,-0.195006167,0.195006167
coolest,6.78,6.976744186,-0.196744186,0.196744186
heard,5.36,5.162790698,0.197209302,0.197209302
review,5.32,5.12202381,0.197976191,0.197976191
planning,6.16,6.358974359,-0.198974359,0.198974359
woman,6.84,6.641025641,0.198974359,0.198974359
magic,6.8,7,-0.2,0.2
who's,5,4.8,0.2,0.2
faces,6.2,6,0.2,0.2
cool,7.2,7,0.2,0.2
story,6.48,6.681765389,-0.201765389,0.201765389
game,6.92,6.717948718,0.202051282,0.202051282
street,5.44,5.644207317,-0.204207317,0.204207317
spanish,5.82,5.615384615,0.204615385,0.204615385
covered,5.92,6.125,-0.205,0.205
sailing,6.86,6.654761905,0.205238096,0.205238096
topic,5.42,5.214285714,0.205714286,0.205714286
spring,7.16,7.366726297,-0.206726297,0.206726297
market,6.28,6.487804878,-0.207804878,0.207804878
offers,6.48,6.689326178,-0.209326178,0.209326178
case,5.02,4.80952381,0.21047619,0.21047619
started,6,5.789473684,0.210526316,0.210526316
free,7.96,7.748892581,0.21110742,0.21110742
chile,5.74,5.951401312,-0.211401312,0.211401312
happy,8.3,8.511627907,-0.211627907,0.211627907
essential,6.02,5.80749129,0.212508711,0.212508711
bring,5.3,5.512820513,-0.212820513,0.212820513
bars,5.68,5.893772893,-0.213772893,0.213772893
sign,5.66,5.445278299,0.214721702,0.214721702
nice,7.38,7.595238095,-0.215238095,0.215238095
enjoy,7.66,7.875764994,-0.215764994,0.215764994
plans,6.2,6.416666666,-0.216666666,0.216666666
december,6.34,6.12195122,0.21804878,0.21804878
fantastic,7.78,8,-0.22,0.22
forget,3.22,3,0.22,0.22
mile,5.04,5.261486103,-0.221486103,0.221486103
van,5.2,4.976744186,0.223255814,0.223255814
beer,5.92,6.143728223,-0.223728223,0.223728223
monday,4.3,4.523809524,-0.223809524,0.223809524
create,6.82,6.595238095,0.224761905,0.224761905
reality,5.94,5.714285714,0.225714286,0.225714286
resort,7.1,7.325950535,-0.225950535,0.225950535
temple,6.14,5.913737596,0.226262404,0.226262404
death,1.54,1.30952381,0.23047619,0.23047619
coming,5.84,6.073170732,-0.233170732,0.233170732
hour,5.32,5.085465117,0.234534884,0.234534884
i'm,5.74,5.976190476,-0.236190476,0.236190476
step,5.32,5.081453634,0.238546366,0.238546366
africa,5.26,5.498546512,-0.238546512,0.238546512
tiny,4.9,4.658536585,0.241463415,0.241463415
amazon,6.8,6.558139535,0.241860465,0.241860465
product,5.56,5.317765568,0.242234432,0.242234432
coffee,7.18,6.9375,0.2425,0.2425
sweet,7.64,7.88372093,-0.24372093,0.24372093
florida,6.7,6.454260652,0.245739349,0.245739349
cruise,6.7,6.945930233,-0.245930233,0.245930233
yellow,5.8,6.047619048,-0.247619048,0.247619048
cuba,4.98,5.228803717,-0.248803716,0.248803716
starting,6.5,6.25,0.25,0.25
santa,6.8,6.55,0.25,0.25
found,6.54,6.289473684,0.250526316,0.250526316
random,5.02,4.769230769,0.250769231,0.250769231
central,5.6,5.348837209,0.251162791,0.251162791
healthy,8.02,7.76744186,0.25255814,0.25255814
simply,6.42,6.166666667,0.253333333,0.253333333
park,7.08,7.333333334,-0.253333334,0.253333334
tourists,6.08,5.825396825,0.254603175,0.254603175
drive,6.08,5.825,0.255,0.255
bed,7.18,6.925,0.255,0.255
garden,7.22,6.964912281,0.255087719,0.255087719
changed,5.06,4.804878049,0.255121951,0.255121951
years,5.28,5.023809524,0.256190476,0.256190476
expect,5.9,5.642857143,0.257142857,0.257142857
exclusive,6.48,6.738095238,-0.258095238,0.258095238
beauty,7.76,8.020394737,-0.260394737,0.260394737
disney,6.62,6.881801126,-0.261801126,0.261801126
hot,5.02,5.282051282,-0.262051282,0.262051282
secrets,5.28,5.01754386,0.26245614,0.26245614
week's,5.26,5.523809524,-0.263809524,0.263809524
lovers,7.54,7.804878049,-0.264878049,0.264878049
tales,6.5,6.234883721,0.265116279,0.265116279
worth,6.78,6.512820513,0.267179487,0.267179487
couples,6.5,6.767441861,-0.267441861,0.267441861
weekend,8,7.73255814,0.267441861,0.267441861
cafe,6.78,7.047619048,-0.267619048,0.267619048
stone,5.04,5.307692308,-0.267692308,0.267692308
favorite,7.04,7.30952381,-0.26952381,0.26952381
people,6.16,5.890243903,0.269756098,0.269756098
modern,6.48,6.75,-0.27,0.27
illinois,4.92,4.65,0.27,0.27
close,4.94,5.214285714,-0.274285714,0.274285714
play,7.26,7.534883721,-0.274883721,0.274883721
today's,6,5.725,0.275,0.275
dog,6.7,6.425,0.275,0.275
gardens,7.24,6.964912281,0.275087719,0.275087719
watch,5.7,5.975609756,-0.275609756,0.275609756
mumbai,5.58,5.303571429,0.276428572,0.276428572
plan,6.14,6.416666666,-0.276666666,0.276666666
ride,6.14,5.857142857,0.282857143,0.282857143
village,6.28,6.563543003,-0.283543003,0.283543003
terrorism,1.48,1.195121951,0.284878049,0.284878049
china,5.4,5.112822125,0.287177876,0.287177876
festival,7.7,7.412721129,0.287278871,0.287278871
oregon,6,6.2875,-0.2875,0.2875
beat,4.2,4.487804878,-0.287804878,0.287804878
term,4.94,4.651162791,0.288837209,0.288837209
trees,6.98,7.269255456,-0.289255455,0.289255455
photograph,6.96,7.25,-0.29,0.29
search,5.44,5.15,0.29,0.29
freedom,7.9,7.609756098,0.290243903,0.290243903
popular,6.6,6.30952381,0.29047619,0.29047619
thai,6.22,6.512195122,-0.292195122,0.292195122
pick,5.6,5.307692308,0.292307692,0.292307692
make,6,5.706140351,0.29385965,0.29385965
tours,6.68,6.975359912,-0.295359912,0.295359912
style,6.76,6.463414634,0.296585366,0.296585366
shows,6.08,6.377325582,-0.297325582,0.297325582
jet,5.94,6.238095238,-0.298095238,0.298095238
steps,5.38,5.081453634,0.298546366,0.298546366
track,5.14,5.43902439,-0.29902439,0.29902439
super,7.68,7.380952381,0.299047619,0.299047619
delicious,7.92,8.219512195,-0.299512195,0.299512195
indonesia,5.08,4.778571429,0.301428572,0.301428572
wednesday,5.38,5.076923077,0.303076923,0.303076923
romantic,7.72,8.023255814,-0.303255814,0.303255814
dreams,7.44,7.743902439,-0.303902439,0.303902439
valley,6.26,6.564102564,-0.304102564,0.304102564
nights,6.52,6.828397213,-0.308397213,0.308397213
thought,6.38,6.069418387,0.310581614,0.310581614
inspiration,7.02,7.330827068,-0.310827068,0.310827068
early,5.66,5.348837209,0.311162791,0.311162791
chinese,5.64,5.951219512,-0.311219512,0.311219512
scared,2.58,2.268292683,0.311707317,0.311707317
doesn't,3.62,3.307692308,0.312307692,0.312307692
flights,5.98,5.66709935,0.31290065,0.31290065
switzerland,6.76,7.073214286,-0.313214286,0.313214286
round,5.54,5.225,0.315,0.315
move,5.72,5.404761905,0.315238095,0.315238095
tour,6.66,6.975359912,-0.315359912,0.315359912
highway,5.48,5.162790698,0.317209302,0.317209302
idea,7.06,6.742763158,0.317236842,0.317236842
join,6.22,5.902439024,0.317560976,0.317560976
whilst,5.04,4.722222222,0.317777778,0.317777778
stop,3.9,3.581395349,0.318604651,0.318604651
oldest,4.68,5,-0.32,0.32
sky,7.76,7.43902439,0.32097561,0.32097561
easier,7.56,7.238095238,0.321904762,0.321904762
film,6.56,6.238095238,0.321904762,0.321904762
sleeping,7.02,6.697674419,0.322325581,0.322325581
facts,6.06,5.736890244,0.323109756,0.323109756
common,4.92,4.595238095,0.324761905,0.324761905
visiting,6.6,6.925,-0.325,0.325
sleep,7.16,6.833333333,0.326666667,0.326666667
enter,5.84,5.512195122,0.327804878,0.327804878
peace,7.86,7.529878049,0.330121951,0.330121951
building,5.94,5.609756098,0.330243902,0.330243902
car,6.72,6.389534884,0.330465117,0.330465117
singapore,5.98,6.310506567,-0.330506567,0.330506567
rent,3.84,4.170731707,-0.330731707,0.330731707
good,7.2,6.868902439,0.331097561,0.331097561
architecture,6.4,6.731173865,-0.331173865,0.331173865
tool,5.26,4.928571429,0.331428571,0.331428571
fancy,6.96,6.627906977,0.332093023,0.332093023
worst,2.1,1.76744186,0.33255814,0.33255814
beaten,2.62,2.285714286,0.334285714,0.334285714
tea,6.66,6.325581395,0.334418605,0.334418605
easy,6.76,7.095238095,-0.335238095,0.335238095
hill,5.98,6.316071429,-0.336071428,0.336071428
america,6.76,7.097560976,-0.337560976,0.337560976
what's,4.8,4.461538462,0.338461538,0.338461538
victoria,5.88,6.218834689,-0.338834689,0.338834689
series,5.46,5.8,-0.34,0.34
clouds,6.34,6,0.34,0.34
trains,6.18,6.523233305,-0.343233305,0.343233305
writing,6.24,5.894736842,0.345263158,0.345263158
african,5.66,5.313953489,0.346046512,0.346046512
greatest,7.26,7.609756098,-0.349756098,0.349756098
health,7.22,6.869824163,0.350175837,0.350175837
memorial,4.96,4.609756098,0.350243902,0.350243902
gifts,7.56,7.209302325,0.350697675,0.350697675
virginia,6.28,5.928571429,0.351428571,0.351428571
tourist,6.18,5.825396825,0.354603175,0.354603175
year,5.38,5.023809524,0.356190476,0.356190476
key,5.82,5.463414634,0.356585366,0.356585366
comfort,7.5,7.857142857,-0.357142857,0.357142857
things,5.76,5.399695122,0.360304878,0.360304878
give,6.54,6.179487179,0.360512821,0.360512821
heritage,6.68,6.317732558,0.362267442,0.362267442
sports,6.06,5.697674419,0.362325581,0.362325581
light,6.4,6.7625,-0.3625,0.3625
luxury,7.3,7.6625,-0.3625,0.3625
bus,5.1,4.736842105,0.363157895,0.363157895
louisiana,5.66,6.023255814,-0.363255814,0.363255814
searching,5.04,5.404761905,-0.364761905,0.364761905
utah,5.16,5.525,-0.365,0.365
including,5.96,6.325581395,-0.365581395,0.365581395
pack,5.34,4.974358974,0.365641026,0.365641026
class,5.52,5.153846154,0.366153846,0.366153846
pink,6.32,5.953488372,0.366511628,0.366511628
soul,6.34,6.707317073,-0.367317073,0.367317073
stay,5.56,5.928571429,-0.368571429,0.368571429
friends,7.92,7.550941307,0.369058693,0.369058693
teach,6.56,6.19047619,0.36952381,0.36952381
morning,6.56,6.19047619,0.36952381,0.36952381
websites,6.24,5.8699187,0.370081301,0.370081301
mistakes,2.92,2.547619048,0.372380952,0.372380952
finally,5.58,5.952380952,-0.372380952,0.372380952
month,5.18,5.554651163,-0.374651163,0.374651163
foods,7.26,7.635006167,-0.375006167,0.375006167
awesome,7.6,7.975609756,-0.375609756,0.375609756
tickets,6.34,6.717607974,-0.377607974,0.377607974
talk,6.06,6.43902439,-0.37902439,0.37902439
music,8.02,7.639534884,0.380465116,0.380465116
walking,6.18,6.56097561,-0.38097561,0.38097561
air,6.8,6.418604651,0.381395349,0.381395349
club,5.86,5.476190476,0.383809524,0.383809524
camera,6.8,7.184210526,-0.384210526,0.384210526
national,5.98,5.595238095,0.384761905,0.384761905
loved,7.96,7.575,0.385,0.385
priority,5.66,6.046511628,-0.386511628,0.386511628
featuring,5.78,6.166666667,-0.386666667,0.386666667
markets,6.1,6.487804878,-0.387804878,0.387804878
made,5.96,5.571428571,0.388571429,0.388571429
suitcase,5.74,5.348837209,0.391162791,0.391162791
young,6.82,6.428571429,0.391428571,0.391428571
flight,6.06,5.66709935,0.39290065,0.39290065
poland,5.88,5.486987819,0.393012182,0.393012182
scotland,6.68,7.073214286,-0.393214286,0.393214286
sea,6.94,7.333333333,-0.393333333,0.393333333
monthly,5.42,5.026315789,0.393684211,0.393684211
months,5.16,5.554651163,-0.394651163,0.394651163
drink,6.36,6.754679524,-0.394679524,0.394679524
advice,6.22,5.825,0.395,0.395
relax,7.7,8.095238096,-0.395238095,0.395238095
transport,6.04,5.642857143,0.397142857,0.397142857
amazing,7.66,8.05952381,-0.39952381,0.39952381
famous,6.68,6.279069767,0.400930233,0.400930233
mountains,6.96,7.362914776,-0.402914776,0.402914776
letter,5.94,5.536585366,0.403414634,0.403414634
canadian,5.84,6.243902439,-0.403902439,0.403902439
map,5.5,5.904761905,-0.404761905,0.404761905
long,4.74,5.146341463,-0.406341463,0.406341463
visited,6.3,6.707317073,-0.407317073,0.407317073
takes,5.04,4.631578947,0.408421053,0.408421053
simple,6.02,6.428571429,-0.408571429,0.408571429
goods,6.46,6.868902439,-0.408902439,0.408902439
gear,5.34,5.75,-0.41,0.41
blue,5.66,5.25,0.41,0.41
website,6.28,5.8699187,0.410081301,0.410081301
apps,5.58,5.169512195,0.410487805,0.410487805
carnival,7.1,7.511627907,-0.411627907,0.411627907
maine,5.82,6.23255814,-0.41255814,0.41255814
begins,5.94,6.357142857,-0.417142857,0.417142857
ideas,7.16,6.742763158,0.417236842,0.417236842
war,1.8,1.380952381,0.419047619,0.419047619
home,7.14,6.720930233,0.419069767,0.419069767
ready,6.58,7,-0.42,0.42
purple,6.04,5.619047619,0.420952381,0.420952381
spend,5.04,4.619047619,0.420952381,0.420952381
mexico,5.84,6.264518003,-0.424518003,0.424518003
colors,7,7.425,-0.425,0.425
comment,5.58,5.153846154,0.426153846,0.426153846
moving,5.36,4.930232558,0.429767442,0.429767442
today,6.22,6.65,-0.43,0.43
ship,5.96,6.390243902,-0.430243902,0.430243902
reading,6.78,6.348837209,0.431162791,0.431162791
booked,5.08,5.511627907,-0.431627907,0.431627907
whale,6.44,6.871794872,-0.431794872,0.431794872
interesting,7.52,7.953488372,-0.433488372,0.433488372
fell,3.22,2.785714286,0.434285714,0.434285714
outdoor,6.94,7.375,-0.435,0.435
mount,5.54,5.975,-0.435,0.435
huge,6.14,6.575,-0.435,0.435
hear,5.84,5.404761905,0.435238095,0.435238095
largest,6.34,5.902439024,0.437560976,0.437560976
americans,6.5,6.06213705,0.43786295,0.43786295
absolutely,6.3,6.738095238,-0.438095238,0.438095238
discount,7.2,7.639372822,-0.439372822,0.439372822
sunshine,7.94,8.380952381,-0.440952381,0.440952381
#quote,5.02,5.461032461,-0.441032461,0.441032461
east,5.82,6.261904762,-0.441904762,0.441904762
products,5.76,5.317765568,0.442234432,0.442234432
lights,6.32,6.7625,-0.4425,0.4425
rules,4.28,3.837209302,0.442790698,0.442790698
canal,5.72,6.162790698,-0.442790698,0.442790698
lose,2.76,2.317073171,0.442926829,0.442926829
glass,5.76,5.317073171,0.442926829,0.442926829
royal,5.82,6.263157895,-0.443157895,0.443157895
finding,5.8,6.243902439,-0.443902439,0.443902439
read,6.52,6.075,0.445,0.445
heaven,7.86,7.414634146,0.445365854,0.445365854
man,5.9,5.452380952,0.447619048,0.447619048
seattle,5.9,6.34883721,-0.44883721,0.44883721
rail,5.3,5.75,-0.45,0.45
italian,6.48,6.930232558,-0.450232558,0.450232558
article,5.52,5.069767442,0.450232558,0.450232558
personal,6.06,6.511627907,-0.451627907,0.451627907
adventure,7.3,7.753267173,-0.453267173,0.453267173
paris,6.86,7.314285715,-0.454285715,0.454285715
rome,6.98,7.434770278,-0.454770278,0.454770278
dance,7.36,6.904761905,0.455238095,0.455238095
listing,5.36,4.904761905,0.455238095,0.455238095
wanted,5.08,5.536585366,-0.456585366,0.456585366
gallery,6.72,6.263157895,0.456842105,0.456842105
updates,6.14,5.682926829,0.457073171,0.457073171
egypt,6.26,5.801974448,0.458025552,0.458025552
ultimate,6.54,7,-0.46,0.46
hey,6.06,5.6,0.46,0.46
talking,6.46,6,0.46,0.46
daily,5.4,5.860465116,-0.460465116,0.460465116
times,5.58,5.119047619,0.460952381,0.460952381
sector,4.9,4.43902439,0.46097561,0.46097561
taking,5.32,4.857142857,0.462857143,0.462857143
full,6.22,5.756097561,0.463902439,0.463902439
up,6.14,6.604651163,-0.464651163,0.464651163
road,5.86,6.325581395,-0.465581395,0.465581395
recommendations,6.2,6.666666667,-0.466666667,0.466666667
kind,7.24,7.707317073,-0.467317073,0.467317073
travelers,6.26,6.728367839,-0.468367839,0.468367839
important,6.32,6.789473684,-0.469473684,0.469473684
great,7.88,8.35,-0.47,0.47
dreaming,7.26,7.731707317,-0.471707317,0.471707317
lake,6.74,7.213690476,-0.473690476,0.473690476
glorious,7.74,8.214285714,-0.474285714,0.474285714
savings,7.26,6.785714286,0.474285715,0.474285715
women,7.12,6.641025641,0.478974359,0.478974359
words,6.04,5.56097561,0.47902439,0.47902439
hate,2.34,1.860465116,0.479534884,0.479534884
walk,6.02,6.5,-0.48,0.48
swimming,6.52,7,-0.48,0.48
highest,6.8,6.317073171,0.482926829,0.482926829
pool,6.78,7.263157895,-0.483157895,0.483157895
boston,5.76,6.243902439,-0.483902439,0.483902439
salt,5.68,5.195121951,0.484878049,0.484878049
short,4.46,3.975,0.485,0.485
swim,6.84,7.325,-0.485,0.485
traveling,6.78,7.265389083,-0.485389082,0.485389082
crossing,5.34,4.853658537,0.486341463,0.486341463
follow,5.66,5.173524151,0.48647585,0.48647585
public,5.18,5.666666667,-0.486666667,0.486666667
route,5.48,5.967331119,-0.487331118,0.487331118
feel,5.9,6.390243902,-0.490243902,0.490243902
paradise,7.92,8.410575859,-0.490575859,0.490575859
lunch,7.42,6.928571429,0.491428571,0.491428571
storm,4.26,3.76744186,0.49255814,0.49255814
chat,6.42,5.926829268,0.493170732,0.493170732
france,6.32,6.813399779,-0.493399779,0.493399779
places,6.14,6.63452381,-0.49452381,0.49452381
pro,5.88,6.374645491,-0.494645491,0.494645491
sounds,5.98,6.478803717,-0.498803716,0.498803716
social,6.22,6.720930233,-0.500930233,0.500930233
world's,5.96,6.463414634,-0.503414634,0.503414634
abroad,6.96,7.463414634,-0.503414634,0.503414634
path,5.82,6.325,-0.505,0.505
shower,6.72,6.214285714,0.505714286,0.505714286
inside,5.4,5.906976744,-0.506976744,0.506976744
sick,2.02,1.512820513,0.507179487,0.507179487
unique,6.98,7.487804878,-0.507804878,0.507804878
party,7.58,7.071428572,0.508571429,0.508571429
montana,5.44,5.948717949,-0.508717949,0.508717949
mine,6.3,5.790697674,0.509302326,0.509302326
beijing,5.24,5.749574589,-0.509574589,0.509574589
taste,6.88,7.390243902,-0.510243902,0.510243902
gift,7.72,7.209302325,0.510697675,0.510697675
downtown,5.78,6.292682927,-0.512682927,0.512682927
1st,7.14,6.625,0.515,0.515
long-term,5.58,6.095238095,-0.515238095,0.515238095
put,5.04,4.523809524,0.516190476,0.516190476
climbing,6.04,5.523809524,0.516190476,0.516190476
dark,3.82,3.302325581,0.517674419,0.517674419
rocks,5.96,5.441860465,0.518139535,0.518139535
add,5.9,5.380952381,0.519047619,0.519047619
excited,7.62,8.139534884,-0.519534884,0.519534884
riding,6.18,6.7,-0.52,0.52
state,5.28,5.800595238,-0.520595238,0.520595238
apartment,5.6,5.076923077,0.523076923,0.523076923
water,6.7,7.225,-0.525,0.525
we're,5.5,6.025641026,-0.525641026,0.525641026
eastern,5.76,6.285714286,-0.525714286,0.525714286
desert,4.4,4.926829268,-0.526829268,0.526829268
called,5.6,5.071428571,0.528571429,0.528571429
late,3.46,2.930232558,0.529767442,0.529767442
middle,5.34,4.80952381,0.53047619,0.53047619
quick,6.02,5.488372093,0.531627907,0.531627907
couple,7.3,6.767441861,0.53255814,0.53255814
wonderful,7.76,8.292682927,-0.532682927,0.532682927
international,6.56,7.093023256,-0.533023256,0.533023256
land,6.18,6.714285714,-0.534285714,0.534285714
identification,5.73,5.195121951,0.534878049,0.534878049
wisconsin,5.56,5.023809524,0.536190476,0.536190476
community,6.28,6.820512821,-0.540512821,0.540512821
turns,5.2,4.658536586,0.541463415,0.541463415
turn,5.2,4.658536586,0.541463415,0.541463415
shuttle,5.78,5.236842105,0.543157895,0.543157895
train,5.98,6.523233305,-0.543233305,0.543233305
japanese,6.02,6.564102564,-0.544102564,0.544102564
avoid,3.14,2.595238095,0.544761905,0.544761905
treat,6.74,7.285714286,-0.545714286,0.545714286
slow,3.78,3.23255814,0.54744186,0.54744186
code,5.28,4.731707317,0.548292683,0.548292683
trip,7,7.548301956,-0.548301956,0.548301956
page,5.62,5.071428571,0.548571429,0.548571429
card,5.72,5.170731707,0.549268293,0.549268293
featured,5.9,6.45,-0.55,0.55
river,6.68,7.230769231,-0.550769231,0.550769231
haven't,3.82,3.268292683,0.551707317,0.551707317
southeast,5.68,6.23255814,-0.55255814,0.55255814
smart,7.48,6.926829268,0.553170732,0.553170732
events,6.26,6.81402439,-0.55402439,0.55402439
set,5.58,5.025641026,0.554358974,0.554358974
shots,3.32,3.876453489,-0.556453489,0.556453489
photography,6.98,7.536585366,-0.556585366,0.556585366
spain,6.2,6.757317073,-0.557317073,0.557317073
september,6.34,5.780487805,0.559512195,0.559512195
eat,7.04,7.6,-0.56,0.56
eating,7.3,7.860465116,-0.560465116,0.560465116
archives,6,5.439387228,0.560612772,0.560612772
left,4.64,4.076923077,0.563076923,0.563076923
waiting,3.68,3.11627907,0.56372093,0.56372093
dear,6.94,6.375,0.565,0.565
families,7.54,6.974969475,0.565030525,0.565030525
kentucky,5.8,5.23255814,0.56744186,0.56744186
christmas,7.96,7.391768293,0.568231708,0.568231708
trips,6.98,7.548301956,-0.568301956,0.568301956
west,5.68,6.25,-0.57,0.57
ferry,5.98,6.552631579,-0.572631579,0.572631579
vermont,5.58,6.153846154,-0.573846154,0.573846154
blogs,5.84,5.265436706,0.574563294,0.574563294
safety,6.18,6.756097561,-0.576097561,0.576097561
rental,4.9,5.476190476,-0.576190476,0.576190476
days,5.76,6.336613,-0.576613,0.576613
saint,6.34,5.761904762,0.578095238,0.578095238
learned,6.92,6.341463415,0.578536585,0.578536585
lovely,7.32,7.9,-0.58,0.58
live,6.84,7.421052632,-0.581052632,0.581052632
alternative,5.94,5.357142857,0.582857143,0.582857143
connecticut,5.56,4.976190476,0.583809524,0.583809524
rates,4.84,4.255813953,0.584186047,0.584186047
lots,6.28,5.695731708,0.584268293,0.584268293
vegan,4.82,4.235670732,0.584329269,0.584329269
sharing,7.06,6.475,0.585,0.585
enjoying,7.84,8.428571429,-0.588571429,0.588571429
edition,5.52,4.928571429,0.591428571,0.591428571
fair,6.96,6.368421053,0.591578947,0.591578947
glad,7.48,8.073170732,-0.593170732,0.593170732
march,5.78,5.186046512,0.593953488,0.593953488
past,4.62,5.214285714,-0.594285714,0.594285714
first,6.82,6.225,0.595,0.595
country,6.28,6.877086008,-0.597086008,0.597086008
breaking,3.98,3.380952381,0.599047619,0.599047619
wear,5.94,5.333333333,0.606666667,0.606666667
costs,3.8,3.193136699,0.606863301,0.606863301
picture,6.64,7.247252747,-0.607252747,0.607252747
hotels,6.26,6.867801772,-0.607801772,0.607801772
friendly,7.66,8.268292683,-0.608292683,0.608292683
night,6.22,6.828397213,-0.608397213,0.608397213
dead,2,1.390243902,0.609756098,0.609756098
happened,5.02,5.634146341,-0.614146341,0.614146341
ancient,5.6,6.214285714,-0.614285714,0.614285714
sunrise,7.04,7.656402439,-0.616402439,0.616402439
minutes,5.28,4.662790698,0.617209303,0.617209303
fresh,7.26,7.87804878,-0.61804878,0.61804878
sound,5.86,6.478803717,-0.618803717,0.618803717
mist,5.82,6.43902439,-0.61902439,0.61902439
time,5.74,5.119047619,0.620952381,0.620952381
breakfast,6.86,7.48255814,-0.62255814,0.62255814
eye,6.14,5.516071429,0.623928572,0.623928572
discover,6.84,7.465116279,-0.625116279,0.625116279
towns,6.06,6.686046512,-0.626046512,0.626046512
kings,5.94,5.313690476,0.626309524,0.626309524
argentina,5.72,6.346428572,-0.626428572,0.626428572
ways,5.3,5.926829268,-0.626829268,0.626829268
incredible,7.42,8.047619048,-0.627619048,0.627619048
memories,7.08,7.709869541,-0.629869541,0.629869541
making,6.24,5.609756098,0.630243902,0.630243902
theme,6.12,5.488372093,0.631627907,0.631627907
win,8.12,7.488095239,0.631904762,0.631904762
shares,6.68,6.045660806,0.634339195,0.634339195
airlines,5.6,4.964607586,0.635392414,0.635392414
immigration,5.2,4.564102564,0.635897436,0.635897436
yeah,5.9,6.536585366,-0.636585366,0.636585366
foreign,5.68,6.317073171,-0.637073171,0.637073171
life,7.32,6.682926829,0.637073171,0.637073171
taxi,5.72,5.078947368,0.641052632,0.641052632
learn,6.7,7.341463415,-0.641463415,0.641463415
visit,6.54,7.181508792,-0.641508792,0.641508792
ago,4.88,4.238095238,0.641904762,0.641904762
dream,7.1,7.743902439,-0.643902439,0.643902439
flickr,5.96,5.315789474,0.644210526,0.644210526
spot,5.26,5.904651163,-0.644651163,0.644651163
love,8.42,7.774342106,0.645657895,0.645657895
number,5.3,4.651162791,0.648837209,0.648837209
bike,6.72,6.069767442,0.650232558,0.650232558
atm,5.7,5.048780488,0.651219512,0.651219512
front,5.58,4.926829268,0.653170732,0.653170732
art,6.6,7.253193961,-0.653193961,0.653193961
michigan,5.32,4.666666667,0.653333333,0.653333333
airline,5.62,4.964607586,0.655392414,0.655392414
friday,6.88,7.536585366,-0.656585366,0.656585366
culture,6.72,7.378737542,-0.658737542,0.658737542
images,6.34,7,-0.66,0.66
august,5.98,6.641025641,-0.661025641,0.661025641
pin,5.1,4.435897436,0.664102564,0.664102564
beginning,6.04,6.707317073,-0.667317073,0.667317073
project,5.74,5.071428571,0.668571429,0.668571429
magical,7.38,8.048780488,-0.668780488,0.668780488
california,6.08,6.749552772,-0.669552772,0.669552772
leave,4.52,3.85,0.67,0.67
globe,6.28,6.95,-0.67,0.67
list,5.46,4.789473684,0.670526316,0.670526316
trends,5.94,5.268292683,0.671707317,0.671707317
purchase,6.34,5.666666667,0.673333333,0.673333333
white,6.28,5.605263158,0.674736842,0.674736842
square,5.48,4.804878049,0.675121951,0.675121951
teaching,6.44,5.763157895,0.676842105,0.676842105
maryland,5.84,5.162790698,0.677209302,0.677209302
american,6.74,6.06213705,0.67786295,0.67786295
haiti,4.06,4.738095238,-0.678095238,0.678095238
team,6.26,5.581395349,0.678604651,0.678604651
choose,5.94,6.619047619,-0.679047619,0.679047619
gate,5.18,4.5,0.68,0.68
site,5.32,6.000304878,-0.680304878,0.680304878
wireless,6.18,6.860465116,-0.680465116,0.680465116
gold,7.56,6.87804878,0.68195122,0.68195122
fashion,6.36,5.676973684,0.683026316,0.683026316
start,6.1,6.785714286,-0.685714286,0.685714286
means,5.64,4.953488372,0.686511628,0.686511628
restaurant,7.06,7.748733389,-0.688733389,0.688733389
region,5.14,5.829268293,-0.689268293,0.689268293
award,7.86,7.170731707,0.689268293,0.689268293
chicago,5.84,5.15,0.69,0.69
french,5.96,6.651162791,-0.691162791,0.691162791
trek,5.48,6.173076923,-0.693076923,0.693076923
event,6.12,6.81402439,-0.69402439,0.69402439
pics,6.4,7.095238096,-0.695238096,0.695238096
rock,6.14,5.441860465,0.698139535,0.698139535
return,5.2,4.5,0.7,0.7
jungle,5.69,6.390243902,-0.700243902,0.700243902
bucket,5.32,4.619047619,0.700952381,0.700952381
prices,4.38,3.678571428,0.701428572,0.701428572
autumn,6.94,7.642857143,-0.702857143,0.702857143
driving,6.18,5.476190476,0.703809524,0.703809524
peak,5.9,6.604651163,-0.704651163,0.704651163
we've,5.62,6.325,-0.705,0.705
experts,6.28,5.575,0.705,0.705
cloudy,4.98,4.275,0.705,0.705
ocean,6.96,7.666666667,-0.706666667,0.706666667
typical,5.22,4.512820513,0.707179487,0.707179487
hotel,6.16,6.867801772,-0.707801772,0.707801772
expensive,3.54,2.829268293,0.710731707,0.710731707
reap,5.66,4.948717949,0.711282051,0.711282051
fabulous,7.38,8.093023256,-0.713023256,0.713023256
options,6.24,6.953488372,-0.713488372,0.713488372
diaries,5.9,5.185755814,0.714244186,0.714244186
kit,5.64,4.925,0.715,0.715
tip,6.24,5.52245451,0.71754549,0.71754549
inspire,7.12,7.839657282,-0.719657282,0.719657282
online,6.72,6,0.72,0.72
moon,7.28,6.558139535,0.721860465,0.721860465
eyes,6.24,5.516071429,0.723928572,0.723928572
forest,6.68,7.404761905,-0.724761905,0.724761905
pearl,7.06,6.333333333,0.726666667,0.726666667
fee,3.46,2.731707317,0.728292683,0.728292683
berlin,5.26,5.988372093,-0.728372093,0.728372093
truth,7.42,6.69047619,0.72952381,0.72952381
video,6.48,5.746404003,0.733595998,0.733595998
share,6.78,6.045660806,0.734339195,0.734339195
accident,2.32,1.585365854,0.734634146,0.734634146
living,6.68,7.414634146,-0.734634146,0.734634146
single,5.12,4.380952381,0.739047619,0.739047619
staying,5.76,6.5,-0.74,0.74
language,6.58,5.837209302,0.742790698,0.742790698
cash,7.42,6.675,0.745,0.745
family,7.72,6.974969475,0.745030525,0.745030525
digital,6.12,5.372093023,0.747906977,0.747906977
oklahoma,5.48,4.731707317,0.748292683,0.748292683
right,6.54,5.790697674,0.749302326,0.749302326
date,6.32,7.069767442,-0.749767442,0.749767442
earth,6.44,7.19047619,-0.75047619,0.75047619
june,6.32,7.071428571,-0.751428571,0.751428571
spending,5.24,4.488372093,0.751627907,0.751627907
golden,7.3,6.547619048,0.752380952,0.752380952
planet,6.52,5.76744186,0.75255814,0.75255814
english,6.58,7.333333333,-0.753333333,0.753333333
diary,5.94,5.185755814,0.754244186,0.754244186
blog,6.02,5.265436706,0.754563294,0.754563294
wedding,7.34,6.585365854,0.754634146,0.754634146
opera,5.56,4.804878049,0.755121951,0.755121951
exit,4.78,4.024390244,0.755609756,0.755609756
tips,6.28,5.52245451,0.75754549,0.75754549
down,3.66,2.902439024,0.757560976,0.757560976
easter,6.88,6.12195122,0.75804878,0.75804878
catch,5.74,4.975609756,0.764390244,0.764390244
harbor,6.06,6.825,-0.765,0.765
check,6.1,5.333333333,0.766666667,0.766666667
season,5.96,6.728587635,-0.768587635,0.768587635
download,6.02,5.25,0.77,0.77
moments,6.1,6.870958593,-0.770958593,0.770958593
local,5.46,6.233841464,-0.773841464,0.773841464
evening,6.42,7.195121951,-0.775121951,0.775121951
july,5.98,6.756097561,-0.776097561,0.776097561
discovery,6.54,7.317073171,-0.777073171,0.777073171
pretty,7.32,8.097560976,-0.777560976,0.777560976
#music,6.86,7.639534884,-0.779534884,0.779534884
hottest,5.78,5,0.78,0.78
city,5.76,6.540094138,-0.780094138,0.780094138
church,5.48,4.697674419,0.782325581,0.782325581
furniture,6.04,5.256410256,0.783589744,0.783589744
indian,6.26,5.475,0.785,0.785
traditional,6.12,5.333333333,0.786666667,0.786666667
springs,6.58,7.366726297,-0.786726297,0.786726297
fields,5.92,6.707317073,-0.787317073,0.787317073
canada,5.98,6.767857143,-0.787857143,0.787857143
wildlife,6.98,7.768292683,-0.788292683,0.788292683
chance,6.44,5.651162791,0.788837209,0.788837209
call,5.74,4.95,0.79,0.79
animals,6.68,7.473809524,-0.793809524,0.793809524
cape,5.18,5.975,-0.795,0.795
shopping,7.1,6.303273428,0.796726573,0.796726573
world,6.52,7.317073171,-0.797073171,0.797073171
blogger,5.46,4.66093577,0.79906423,0.79906423
fire,3.8,3,0.8,0.8
europe,6.4,7.200166113,-0.800166113,0.800166113
boat,6.08,6.880952381,-0.800952381,0.800952381
nyc,5.98,6.783333334,-0.803333333,0.803333333
town,5.88,6.686046512,-0.806046512,0.806046512
cheap,5.48,6.286630037,-0.806630037,0.806630037
sunset,7.16,7.968253968,-0.808253968,0.808253968
girl,7,6.19047619,0.80952381,0.80952381
spent,4.76,3.95,0.81,0.81
indiana,5.66,4.846153846,0.813846154,0.813846154
fishing,6.18,5.365853659,0.814146341,0.814146341
unlimited,6.6,7.414634146,-0.814634146,0.814634146
explosion,2.94,2.125,0.815,0.815
wonders,6.78,7.595238095,-0.815238095,0.815238095
men,5.94,5.12195122,0.81804878,0.81804878
running,5.7,4.880952381,0.819047619,0.819047619
austria,5.88,6.703571429,-0.823571429,0.823571429
medieval,5.2,6.023809524,-0.823809524,0.823809524
thanksgiving,7.4,6.575,0.825,0.825
starts,5.96,6.785714286,-0.825714286,0.825714286
australia,6.4,7.226190476,-0.826190476,0.826190476
double,5.8,4.973684211,0.826315789,0.826315789
pass,5.9,5.071428571,0.828571429,0.828571429
uk,5.84,6.668881506,-0.828881506,0.828881506
farm,6.22,5.390243902,0.829756098,0.829756098
run,5.48,4.65,0.83,0.83
rooms,5.58,6.411798072,-0.831798072,0.831798072
brown,5.44,4.604651163,0.835348837,0.835348837
internet,7.48,6.642857143,0.837142857,0.837142857
minute,5.5,4.662790698,0.837209303,0.837209303
bloggers,5.5,4.66093577,0.83906423,0.83906423
activities,6.46,7.3,-0.84,0.84
solo,5.56,4.718641719,0.841358282,0.841358282
january,5.7,4.857142857,0.842857143,0.842857143
don't,3.7,2.857142857,0.842857143,0.842857143
cultural,6.18,7.024390244,-0.844390244,0.844390244
birthday,7.78,6.928571429,0.851428571,0.851428571
ohio,5.22,4.365853659,0.854146341,0.854146341
perfect,7.42,8.275,-0.855,0.855
jamaica,6.32,7.181707317,-0.861707317,0.861707317
stuff,5.58,4.714285714,0.865714286,0.865714286
king,6.18,5.313690476,0.866309524,0.866309524
history,5.84,6.707317073,-0.867317073,0.867317073
snow,6.32,5.449418605,0.870581396,0.870581396
bad,2.64,1.76744186,0.87255814,0.87255814
phone,6.44,5.56097561,0.87902439,0.87902439
news,5.6,4.720930233,0.879069767,0.879069767
natural,6.56,7.441860465,-0.881860465,0.881860465
wall,4.98,4.097560976,0.882439024,0.882439024
eats,6.44,7.325581395,-0.885581395,0.885581395
dining,6.48,7.365853659,-0.885853659,0.885853659
pacific,6.16,7.046511628,-0.886511628,0.886511628
greece,5.76,6.647212544,-0.887212544,0.887212544
germany,5.94,6.830200501,-0.890200501,0.890200501
room,5.52,6.411798072,-0.891798072,0.891798072
japan,6,6.892490372,-0.892490372,0.892490372
summer,6.4,7.292682927,-0.892682927,0.892682927
recommend,5.64,6.533055199,-0.893055199,0.893055199
plane,6.3,5.404761905,0.895238095,0.895238095
click,5.72,4.820512821,0.899487179,0.899487179
wild,5.5,6.404761905,-0.904761905,0.904761905
cost,4.1,3.193136699,0.906863301,0.906863301
keeping,6.1,5.19047619,0.90952381,0.90952381
european,5.94,6.85,-0.91,0.91
rise,6.36,5.45,0.91,0.91
twitter,5.46,4.547619048,0.912380952,0.912380952
gray,4.62,3.707317073,0.912682927,0.912682927
blogging,5.82,4.904761905,0.915238096,0.915238096
toronto,5.82,6.737648531,-0.91764853,0.91764853
power,6.68,5.761904762,0.918095238,0.918095238
turkey,6.16,5.241463415,0.918536586,0.918536586
destination,6.4,7.318661373,-0.918661373,0.918661373
lost,2.76,1.837209302,0.922790698,0.922790698
london,6.46,7.38372093,-0.92372093,0.92372093
miss,3.64,2.714285714,0.925714286,0.925714286
australian,6.26,7.186046512,-0.926046512,0.926046512
book,7.24,6.310654863,0.929345137,0.929345137
didn't,4,3.069767442,0.930232558,0.930232558
broke,2.54,1.609756098,0.930243902,0.930243902
attack,2.42,1.487804878,0.932195122,0.932195122
lessons,5.98,5.046511628,0.933488372,0.933488372
meeting,5.46,4.525,0.935,0.935
test,4.06,3.125,0.935,0.935
calm,6.36,7.302325581,-0.942325581,0.942325581
ice,5.8,4.857142857,0.942857143,0.942857143
edinburgh,5.6,6.55,-0.95,0.95
kansas,5.12,4.162790698,0.957209302,0.957209302
scene,5.94,6.899501661,-0.959501661,0.959501661
cities,5.58,6.540094138,-0.960094138,0.960094138
mountain,6.4,7.362914776,-0.962914776,0.962914776
overseas,6.06,7.023809524,-0.963809524,0.963809524
parents,7.36,6.395348837,0.964651163,0.964651163
afghanistan,3.56,2.595238095,0.964761905,0.964761905
castle,6.34,7.304956223,-0.964956223,0.964956223
won't,3.7,2.731707317,0.968292683,0.968292683
books,7.28,6.310654863,0.969345137,0.969345137
cheaper,6.08,7.05,-0.97,0.97
can't,3.42,2.45,0.97,0.97
distance,4.5,5.476190476,-0.976190476,0.976190476
global,6,6.976190476,-0.976190476,0.976190476
cancelled,2.88,1.9,0.98,0.98
movies,7.34,6.357142857,0.982857143,0.982857143
screening,5.06,4.076923077,0.983076923,0.983076923
ambulance,3.1,2.11627907,0.98372093,0.98372093
safe,7.04,8.023809524,-0.983809524,0.983809524
deals,6.5,7.484901278,-0.984901278,0.984901278
hit,4.58,3.594594595,0.985405405,0.985405405
duty,4.7,3.707317073,0.992682927,0.992682927
guy,5.92,4.926829269,0.993170732,0.993170732
escape,5.64,6.634146341,-0.994146341,0.994146341
vienna,5.92,6.916957027,-0.996957027,0.996957027
port,5.36,6.357142857,-0.997142857,0.997142857
scenes,5.9,6.899501661,-0.999501661,0.999501661
break,5.04,6.042039356,-1.002039356,1.002039356
warm,6.72,7.725,-1.005,1.005
amsterdam,6.14,7.146153846,-1.006153846,1.006153846
wait,3.74,2.731707317,1.008292683,1.008292683
shouldn't,3.84,2.829268293,1.010731707,1.010731707
melbourne,6.04,7.051282051,-1.011282051,1.011282051
departure,4.76,5.771594685,-1.011594685,1.011594685
million,7.38,6.365853659,1.014146341,1.014146341
iraq,3.9,2.88372093,1.01627907,1.01627907
hawaii,7.02,8.036295006,-1.016295006,1.016295006
island,6.78,7.800173035,-1.020173035,1.020173035
media,5.62,4.595238095,1.024761905,1.024761905
england,6.28,7.306776557,-1.026776557,1.026776557
feet,5.58,4.55,1.03,1.03
republic,5.76,4.717948718,1.042051282,1.042051282
afternoon,5.98,7.025,-1.045,1.045
delaware,5.58,4.534883721,1.045116279,1.045116279
iowa,5.24,4.19047619,1.04952381,1.04952381
rice,6.44,5.390243902,1.049756098,1.049756098
gorgeous,7.42,8.476190476,-1.056190476,1.056190476
pakistan,3.94,2.880952381,1.059047619,1.059047619
challenge,5.78,4.720930233,1.059069767,1.059069767
interview,5.06,4,1.06,1.06
netherlands,5.98,7.046052632,-1.066052632,1.066052632
airport,5.88,4.809126984,1.070873016,1.070873016
place,5.56,6.63452381,-1.07452381,1.07452381
security,6.1,5.023255814,1.076744186,1.076744186
giveaway,6.38,7.458593307,-1.078593307,1.078593307
private,5.92,7,-1.08,1.08
relaxing,7.52,8.6,-1.08,1.08
rich,7.98,6.9,1.08,1.08
cooking,7.08,6,1.08,1.08
apply,5.82,4.738095238,1.081904762,1.081904762
express,6.04,7.12195122,-1.08195122,1.08195122
choice,6.24,7.325581395,-1.085581395,1.085581395
let's,5.46,6.55,-1.09,1.09
isn't,4.46,3.365853659,1.094146341,1.094146341
heating,6,4.904761905,1.095238095,1.095238095
crash,2.6,1.5,1.1,1.1
orange,6.54,5.435897436,1.104102564,1.104102564
holland,6.24,7.35,-1.11,1.11
hand,5.9,4.785714286,1.114285714,1.114285714
pic,5.98,7.095238096,-1.115238096,1.115238096
withdrawal,3.72,2.595238095,1.124761905,1.124761905
suspended,3.08,1.953488372,1.126511628,1.126511628
haha,7.64,6.512820513,1.127179487,1.127179487
seat,5.86,4.731707317,1.128292683,1.128292683
epic,6.3,7.428571429,-1.128571429,1.128571429
restaurants,6.62,7.748733389,-1.128733389,1.128733389
alabama,5.48,4.348837209,1.131162791,1.131162791
experience,6.34,7.479166666,-1.139166666,1.139166666
aren't,4.12,2.975,1.145,1.145
hard,4.1,2.953488372,1.146511628,1.146511628
currency,6.66,5.512195122,1.147804878,1.147804878
crib,5.8,4.65,1.15,1.15
stunning,6.5,7.65,-1.15,1.15
head,5.96,4.80952381,1.15047619,1.15047619
spotlight,6.35,5.195121951,1.154878049,1.154878049
experiences,6.32,7.479166666,-1.159166666,1.159166666
missouri,5.72,4.558139535,1.161860465,1.161860465
deal,6.32,7.484901278,-1.164901278,1.164901278
location,5.68,6.8482835,-1.1682835,1.1682835
working,5.56,4.390243902,1.169756098,1.169756098
business,5.94,4.76744186,1.17255814,1.17255814
tricks,5.38,4.195121951,1.184878049,1.184878049
open,6.1,7.285714286,-1.185714286,1.185714286
korea,5.34,4.15,1.19,1.19
moment,5.68,6.870958593,-1.190958593,1.190958593
lebanon,4.62,3.428571429,1.191428571,1.191428571
historic,5.92,7.11627907,-1.19627907,1.19627907
countries,5.68,6.877086008,-1.197086008,1.197086008
insurance,5.24,4.040650407,1.199349594,1.199349594
google,7.2,6,1.2,1.2
india,6.42,5.219512196,1.200487805,1.200487805
coach,5.76,4.558139535,1.201860465,1.201860465
fish,6.58,5.372093023,1.207906977,1.207906977
may,5.48,6.69047619,-1.21047619,1.21047619
islands,6.58,7.800173035,-1.220173035,1.220173035
spots,4.68,5.904651163,-1.224651163,1.224651163
alaska,5.64,6.867015099,-1.227015099,1.227015099
tokyo,5.76,6.988095238,-1.228095238,1.228095238
trail,6.14,7.368421053,-1.228421053,1.228421053
broken,3.02,1.790697674,1.229302326,1.229302326
guess,5.64,4.41025641,1.22974359,1.22974359
bay,5.96,7.195121951,-1.235121951,1.235121951
sunny,6.96,8.195121951,-1.235121951,1.235121951
british,5.66,6.9,-1.24,1.24
leaving,3.58,4.820512821,-1.240512821,1.240512821
low,3.66,2.414634146,1.245365854,1.245365854
memory,6.46,7.709869541,-1.249869541,1.249869541
colorado,5.84,7.095238095,-1.255238095,1.255238095
sunday,7.28,6.023255814,1.256744186,1.256744186
coast,6.44,7.707317073,-1.267317073,1.267317073
parking,5.02,3.75,1.27,1.27
declare,5.57,4.292682927,1.277317073,1.277317073
vancouver,5.32,6.597560976,-1.277560976,1.277560976
winter,5.9,4.61627907,1.28372093,1.28372093
guys,6.22,4.926829269,1.293170732,1.293170732
back,5.18,3.875,1.305,1.305
northern,5.22,6.525,-1.305,1.305
budget,5.08,3.773532669,1.306467331,1.306467331
arrival,6.32,7.630952381,-1.310952381,1.310952381
italy,6.18,7.492160279,-1.312160279,1.312160279
waves,6.4,7.720930233,-1.320930233,1.320930233
price,5,3.678571428,1.321428572,1.321428572
bank,5.92,4.585365854,1.334634146,1.334634146
historical,5.76,7.097560976,-1.337560976,1.337560976
stuck,3.66,2.30952381,1.35047619,1.35047619
industry,5.38,4.025,1.355,1.355
week,5.08,6.446566999,-1.366566999,1.366566999
mississippi,5.68,4.30952381,1.37047619,1.37047619
shot,2.5,3.876453489,-1.376453489,1.376453489
capture,4.18,5.56097561,-1.38097561,1.38097561
weeks,5.06,6.446566999,-1.386566999,1.386566999
youtube,6.92,5.526315789,1.393684211,1.393684211
ticket,5.32,6.717607974,-1.397607974,1.397607974
line,4.98,3.576923077,1.403076923,1.403076923
wifi,6.36,7.76744186,-1.40744186,1.40744186
credit,5.86,4.45,1.41,1.41
students,6.28,4.861599547,1.418400454,1.418400454
pay,5.3,3.875,1.425,1.425
vote,5.8,4.375,1.425,1.425
explore,6.37,7.796747968,-1.426747968,1.426747968
kuwait,4.56,3.119047619,1.440952381,1.440952381
sand,5.86,7.302325581,-1.442325581,1.442325581
facebook,6.08,4.62912088,1.450879121,1.450879121
delay,3.38,1.928571429,1.451428571,1.451428571
police,4.58,3.128205128,1.451794872,1.451794872
united,7.32,5.853658537,1.466341463,1.466341463
florence,5.92,7.3875,-1.4675,1.4675
wrong,3.14,1.658536585,1.481463415,1.481463415
lonely,2.86,1.375,1.485,1.485
sights,6,7.5,-1.5,1.5
arkansas,5.4,3.880952381,1.519047619,1.519047619
quit,3.9,2.375,1.525,1.525
sydney,5.68,7.207875458,-1.527875458,1.527875458
unusual,4.44,5.976190476,-1.536190476,1.536190476
episode,5.76,4.205128205,1.554871795,1.554871795
end,4.36,2.804878049,1.555121951,1.555121951
requirements,4.98,3.404761905,1.575238095,1.575238095
delayed,3.24,1.658536585,1.581463415,1.581463415
missed,3.68,2.097560976,1.582439024,1.582439024
rainy,5.64,4.047619048,1.592380952,1.592380952
fall,4.04,5.661309524,-1.621309524,1.621309524
breaks,4.42,6.042039356,-1.622039356,1.622039356
#travel,5.66,7.312692555,-1.652692555,1.652692555
ireland,5.98,7.656015038,-1.676015038,1.676015038
lines,5.26,3.576923077,1.683076923,1.683076923
stormy,4.94,3.25,1.69,1.69
student,6.58,4.861599547,1.718400454,1.718400454
dishes,5.36,3.615384615,1.744615385,1.744615385
survive,6,4.219512195,1.780487805,1.780487805
essay,4.76,2.976744186,1.783255814,1.783255814
views,5.92,7.710511033,-1.790511033,1.790511033
customs,5.36,3.558139535,1.801860465,1.801860465
apple,7.44,5.585365854,1.854634146,1.854634146
children,7.12,5.255813953,1.864186047,1.864186047
money,7.3,5.372093023,1.927906977,1.927906977
ruins,3.98,5.925,-1.945,1.945
rain,6.36,4.375,1.985,1.985
view,5.72,7.710511033,-1.990511033,1.990511033
baby,7.28,5.23255814,2.04744186,2.04744186
falls,3.6,5.661309524,-2.061309524,2.061309524
job,5.96,3.841463414,2.118536586,2.118536586
retreat,5.18,7.302325581,-2.122325581,2.122325581
hidden,4.48,6.642857143,-2.162857143,2.162857143
jobs,6.32,3.841463414,2.478536586,2.478536586
work,5.24,2.487179487,2.752820513,2.752820513
kids,7.38,4.531561462,2.848438539,2.848438539
school,6.26,3.380952381,2.879047619,2.879047619
