ways,5.926829268,41,1,
spa,7.071428571,42,2,
#backpacker,5.925,40,3,
party,7.30952381,42,4,
port,6.357142857,42,5,
super,7.380952381,42,6,
past,5.214285714,42,7,
#Hungary,5.523809524,42,8,
sunshine,8.380952381,42,9,
absolutely,6.738095238,42,10,
Alaska,6.904761905,42,11,
April,6.523809524,42,12,
floating,6.292682927,41,13,
starts,6.476190476,42,14,
Poland,5.880952381,42,15,
products,5.738095238,42,16,
oddy,4.6,20,17,
Manila,5.162162162,37,18,
trains,6.619047619,42,19,
#Greek,6.175,40,20,
great,8.35,40,22,
Indonesia,4.7,40,23,
Indian,5.475,40,24,
#NewYork,6.275,40,25,
lot,5.05,40,26,
safari,7.15,40,27,
outdoor,7.375,40,28,
drive,5.825,40,29,
path,6.325,40,30,
spent,3.95,40,31,
Chicago,5.15,40,32,
shot,3.125,40,33,
colors,7.425,40,34,
eyes,5.675,40,35,
#traveltip,6.230769231,39,36,
credit,4.45,40,37,
meeting,4.525,40,38,
#backpack,6.225,40,39,
Guam,5.153846154,39,40,
sunset,8,43,42,
budget,4.023255814,43,43,
follow,5.11627907,43,44,
offer,6.558139535,43,45,
stop,3.581395349,43,46,
high,6.604651163,43,47,
Koh Samui,5.181818182,11,48,
wanderlust,7.146341463,41,49,
wheelchair,2.418604651,43,50,
heard,5.162790698,43,51,
chance,5.651162791,43,52,
fancy,6.627906977,43,53,
children,5.255813953,43,54,
minutes,4.418604651,43,55,
#Taipei,5.40625,32,56,
team,5.581395349,43,57,
priority,6.046511628,43,58,
Maine,6.23255814,43,59,
Washington DC,5.139534884,43,60,
don't,2.857142857,42,62,
#travelphotography,6.697674419,43,63,
door,5.372093023,43,64,
#Berlin,5.860465116,43,65,
topic,5.214285714,42,66,
Namibia,4.787878788,33,67,
inspiring,7.465116279,43,68,
#architecture,6.581395349,43,69,
backpack,6.418604651,43,70,
moon,6.558139535,43,71,
blogs,5.465116279,43,72,
suites,7.30952381,42,73,
hopping,5.829268293,41,74,
@Ryanair,5.631578947,19,75,
Ghent,5.952380952,21,76,
adventurous,7.558139535,43,77,
Macau,6.296296296,27,78,
North Korea,2.23255814,43,79,
urban,5.88372093,43,80,
Louisiana,6.023255814,43,81,
New Zealand,7.5,40,83,
starting,6.25,40,84,
#rivercruise,6.631578947,38,85,
#recommend,6.236842105,38,86,
#Norway,6.846153846,39,87,
star,6.425,40,88,
search,5.15,40,89,
Belgium,6.525,40,90,
#sale,7.051282051,39,91,
gems,6.65,40,92,
Texas,5.55,40,93,
rich,6.9,40,94,
Google,6,40,95,
wear,5.333333333,39,96,
bags,5.625,40,97,
support,6.325,40,98,
tonight,6.3,40,99,
fashion,5.775,40,100,
Thanksgiving,6.575,40,101,
Illinois,4.65,40,102,
holidays,7.860465116,43,104,
taking,4.857142857,42,105,
add,5.380952381,42,106,
season,6.627906977,43,107,
wow,7.558139535,43,108,
digital,5.372093023,43,109,
#heritage,5.775,40,110,
easier,7.238095238,42,111,
couples,6.372093023,43,112,
station,5.279069767,43,113,
personal,6.511627907,43,114,
Seattle,5.976744186,43,115,
brown,4.604651163,43,116,
Botswana,4.236842105,38,117,
Burundi,4.88,25,118,
Moldova,4.676470588,34,119,
bus station,4.279069767,43,120,
rural,5.906976744,43,121,
boarding,5.813953488,43,122,
Alabama,4.348837209,43,123,
exploring,7.974358974,39,125,
inspired,7.487179487,39,126,
enjoy,8.263157895,38,127,
break,6.153846154,39,128,
capital,6.051282051,39,129,
California,6.615384615,39,130,
#vegantravel,3.685714286,35,131,
families,6.615384615,39,132,
USD,5.972972973,37,133,
hope,7.435897436,39,134,
bar,5.692307692,39,135,
double,4.973684211,38,136,
Spanish,5.615384615,39,137,
#packing,5.459459459,37,138,
classic,6.461538462,39,139,
random,4.769230769,39,140,
#Crete,5.185185185,27,141,
Saudi Arabia,4.076923077,39,142,
layover,2.641025641,39,143,
oneway,5.256410256,39,144,
check,5.333333333,42,146,
#India,4.829268293,41,147,
amazing,8.476190476,42,148,
trips,7.380952381,42,149,
land,6.714285714,42,150,
#SouthAfrica,5.268292683,41,151,
#yoga,5.585365854,41,152,
Ireland,7.785714286,42,153,
Malaysia,4.857142857,42,154,
#Madrid,6.725,40,155,
hey,5.6,40,156,
tricks,4.195121951,41,157,
unforgettable,7.761904762,42,158,
scenery,8.047619048,42,159,
savings,6.976190476,42,160,
Afghanistan,2.595238095,42,161,
Brunei ,5.076923077,26,162,
Ethiopia,3.853658537,41,163,
Suriname,4.565217391,23,164,
arrivals,7.404761905,42,165,
destination,7.43902439,41,167,
street,5.463414634,41,168,
#Portugal,6.625,40,169,
apps,5.43902439,41,170,
job,3.780487805,41,171,
magic,7,41,172,
#Sicily,7.15,40,173,
#Sardinia,6.1875,32,174,
#Queensland,6.631578947,38,175,
shouldn't,2.829268293,41,176,
missed,2.097560976,41,177,
ship,6.390243902,41,178,
safety,6.756097561,41,179,
Toronto,6.731707317,41,180,
#danger,2.35,40,181,
Easter,6.12195122,41,182,
#temple,5.447368421,38,183,
Shanghai,6.317073171,41,184,
amusement,8.048780488,41,185,
luggage fee,2.780487805,41,186,
pack,4.974358974,39,188,
found,6.289473684,38,189,
secrets,4.666666667,39,190,
picture,7.256410256,39,191,
future,6.820512821,39,192,
sightseeing,7.897435897,39,193,
line,4.153846154,39,194,
#quotes,5.351351351,37,195,
#Toronto,6.743589744,39,196,
New Orleans,6.256410256,39,197,
calling,5.743589744,39,198,
Disney,7.153846154,39,199,
community,6.820512821,39,200,
Oslo,6.352941176,34,201,
wanna,5.342857143,35,202,
apartment,5.076923077,39,203,
cyan,5.818181818,33,204,
"Congo, Democratic Republic of the",3.666666667,39,205,
Tunisia,5.025641026,39,206,
furniture,5.256410256,39,207,
news,4.720930233,43,209,
share,6.627906977,43,210,
tours,6.930232558,43,211,
San Francisco,7,43,212,
couple,7.162790698,43,213,
#Morocco,6.511627907,43,214,
healthy,7.76744186,43,215,
buy,6.139534884,43,216,
worst,1.76744186,43,217,
archive,5.166666667,42,218,
:D,8.025641026,39,219,
#visit,6.804878049,41,220,
sand,7.302325581,43,221,
#Maunakea,5.785714286,14,222,
scoured,3.642857143,42,223,
kings,5.452380952,42,224,
Aruba,7.634146341,41,225,
Burkina Faso,4.875,16,226,
Syria,2.209302326,43,227,
Massachusetts,5.720930233,43,228,
time,5.095238095,42,230,
Asia,6.243902439,41,231,
France,6.952380952,42,232,
ancient,6.214285714,42,233,
site,5.975609756,41,234,
airlines,5.19047619,42,235,
Budapest,5.761904762,42,236,
gardens,7.166666667,42,237,
bit,4.5,38,238,
hear,5.404761905,42,239,
affordable,7.833333333,42,240,
keeping,5.19047619,42,241,
#Bahamas,7.048780488,41,242,
window,6.095238095,42,243,
hosts,5.642857143,42,244,
#peace,7.609756098,41,245,
medieval,6.023809524,42,246,
#golf,4.547619048,42,247,
PIN,4.435897436,39,248,
Nebraska,4.414634146,41,249,
packing,5.275,40,251,
#Christmas,7.125,40,252,
I've,5.461538462,39,253,
mountain,7.425,40,254,
northern,6.525,40,255,
#travelphoto,7.256410256,39,256,
pick,5.307692308,39,257,
#airbnb,6.026315789,38,258,
warm,7.725,40,259,
#Switzerland,7.075,40,260,
shop,6.675,40,261,
waterfalls,8.15,40,262,
cheaper,7.05,40,263,
springs,7.384615385,39,264,
episode,4.205128205,39,265,
weird,4.325,40,266,
pay,3.875,40,267,
sign,5.256410256,39,268,
started,5.789473684,38,269,
feet,4.55,40,270,
India,5.609756098,41,272,
#cruise,6.425,40,273,
#tips,5.5,40,274,
fields,6.707317073,41,275,
markets,6.87804878,41,276,
boutique,6.780487805,41,277,
insurance,4.414634146,41,278,
mobile,6.463414634,41,279,
#Bolivia,4.846153846,39,280,
foreigners,5.707317073,41,281,
#Santorini,6.391304348,23,282,
#coffee,7.15,40,283,
#Jordan,4.41025641,39,284,
key,5.463414634,41,285,
stone,5.307692308,39,286,
iconic,6.829268293,41,287,
#Romania,5.375,40,288,
soul,6.707317073,41,289,
mist,6.43902439,41,290,
Bahrain,3.75,36,291,
beaches,8.170731707,41,293,
#Hawaii,8.048780488,41,294,
evening,7.195121951,41,295,
sunny,8.195121951,41,296,
lovers,7.804878049,41,297,
Finland,7,41,298,
million,6.365853659,41,299,
#twwt,4,3,300,
apple,5.585365854,41,301,
isle,7.365853659,41,302,
responsible,5.951219512,41,303,
discovery,7.317073171,41,304,
bath,6.902439024,41,305,
Dominican Republic,5.731707317,41,306,
Swaziland ,5.0625,32,307,
attack,1.487804878,41,308,
first,6.225,40,309,
first class,8.146341463,41,310,
Wyoming,5.317073171,41,311,
down,2.902439024,41,312,
business,4.76744186,43,314,
#Malaysia,5.595238095,42,315,
hiking,7.511627907,43,316,
app,5.558139535,43,317,
Germany,6.976190476,42,318,
#tmom,6.0625,16,319,
cuisine,8.023255814,43,320,
enjoying,8.428571429,42,321,
towns,6.88372093,43,322,
#people,6.12195122,41,323,
readers,6.139534884,43,324,
#Beijing,5.76744186,43,325,
#Denmark,7.418604651,43,326,
:/,3.212121212,33,327,
health,6.837209302,43,328,
#Mauritius,5.647058824,17,329,
#travelquotes,6.210526316,38,330,
wireless,6.860465116,43,331,
Sao Tome and Principe,5.647058824,17,332,
right,5.790697674,43,333,
life,7.170731707,41,335,
#hotel,6.5,40,336,
awesome,7.975609756,41,337,
#review,5.125,40,338,
join,5.902439024,41,339,
market,6.097560976,41,340,
full,5.756097561,41,341,
barn,5.097560976,41,342,
dining,7.365853659,41,343,
isn't,3.365853659,41,344,
miles,5.243902439,41,345,
catch,4.975609756,41,346,
Edinburgh,6.55,40,347,
yeah,6.536585366,41,348,
#Israel,4.707317073,41,349,
indigo,5.894736842,38,350,
gray,3.707317073,41,351,
Oman,3.727272727,33,352,
Somalia,2.390243902,41,353,
beginning,6.707317073,41,354,
#trip,7.45,40,356,
house,6.43902439,41,357,
travels,7.292682927,41,358,
#Budapest,6.153846154,39,359,
cultural,7.024390244,41,360,
ski,6,41,361,
#camping,6.425,40,362,
#city,6.3,40,363,
skiing,6.219512195,41,364,
#restaurant,7.475,40,365,
#apps,4.9,40,366,
Canadian,6.243902439,41,367,
guy,4.853658537,41,368,
#photographers,6.225,40,369,
rent,4.170731707,41,370,
Saint Lucia,6.842105263,38,371,
domestic,5.292682927,41,372,
terrorism,1.195121951,41,373,
illegal substance,2.365853659,41,374,
Ohio,4.365853659,41,375,
#Croatia,5.41025641,39,377,
enter,5.512195122,41,378,
interview,4,41,379,
front,4.926829268,41,380,
thing,5.024390244,41,381,
desert,4.926829268,41,382,
won't,2.731707317,41,383,
#nomad,5.783783784,37,384,
question,5,41,385,
talking,6,41,386,
historical,7.097560976,41,387,
downtown,6.292682927,41,388,
Milan,7.026315789,38,389,
Bhutan,5.235294118,34,390,
Equatorial Guinea,5.060606061,33,391,
Nigeria,4.1,40,392,
Samoa ,5.769230769,39,393,
unpack,4.975609756,41,394,
hourly,4.512195122,41,395,
24/7,6.146341463,41,396,
traveling,7.238095238,42,398,
lake,7.452380952,42,399,
#Hong Kong,6.142857143,42,400,
#Mexico,6.30952381,42,401,
#Cambodia,4.357142857,42,402,
ocean,7.666666667,42,403,
#catamaran,5.916666667,36,404,
map,5.904761905,42,405,
stuff,4.714285714,42,406,
#Bulgaria,4.731707317,41,407,
#Wales,6.571428571,42,408,
#Rajasthan,4.0625,16,409,
birthday,6.928571429,42,410,
rainy,4.047619048,42,411,
#climbing,5.142857143,42,412,
Kuwait,3.119047619,42,413,
Saturday,7.452380952,42,414,
New Year's Eve,6.5,42,415,
delay,1.928571429,42,416,
Mississippi,4.30952381,42,417,
blog,5.526315789,38,419,
#Japan,6.394736842,38,420,
live,7.421052632,38,421,
cities,6.710526316,38,422,
secret,5.368421053,38,423,
makes,5.578947368,38,424,
#Florida,6.289473684,38,425,
forget,3,38,426,
important,6.789473684,38,427,
garden,6.763157895,38,428,
idea,6.710526316,38,429,
royal,6.263157895,38,430,
#SouthAustralia,6.447368421,38,431,
writing,5.894736842,38,432,
@Lomography,5.5,8,433,
backpacker,6.342105263,38,434,
fair,6.368421053,38,435,
#journey,7.026315789,38,436,
taxi,5.078947368,38,437,
Thursday,5.789473684,38,438,
flight,6.024390244,41,440,
photography,7.585365854,41,441,
Singapore,6.390243902,41,442,
#Amsterdam,7.6,40,443,
Caribbean,8.073170732,41,444,
deal,7.463414634,41,445,
wait,2.731707317,41,446,
magazine,5.902439024,41,447,
jungle,6.390243902,41,448,
cruising,6.926829268,41,449,
#animals,7.4,40,450,
seasons,6.829268293,41,451,
opera,4.804878049,41,452,
#UAE,4.625,24,453,
#castle,7.256410256,39,454,
updates,6,40,455,
Lesotho,5.5,12,456,
September,5.780487805,41,457,
economy class,4.048780488,41,458,
exit,4.024390244,41,459,
places,6.65,40,461,
journey,7.35,40,462,
heading,5.45,40,463,
Turkey,4.8,40,464,
#digitalnomad,4.666666667,24,465,
santa,6.55,40,466,
impressions,6.425,40,467,
whale,6.871794872,39,468,
Myanmar,4,29,469,
Korea,4.15,40,470,
#photoblog,5.702702703,37,471,
#travelnews,5.538461538,39,472,
experts,5.575,40,473,
#snow,5.55,40,474,
swim,7.325,40,475,
lighthouse,6.975,40,476,
Andorra,5.666666667,18,477,
Trinidad and Tobago,5.361111111,36,478,
immigration,4.564102564,39,479,
Vermont,6.153846154,39,480,
#luxury,7.55,40,482,
view,7.682926829,41,483,
Greece,7.365853659,41,484,
spots,5.6,40,485,
Mexico,6.219512195,41,486,
passport,6.170731707,41,487,
#Argentina,6.55,40,488,
accommodation,6.682926829,41,489,
#vegan,4.325,40,490,
memories,8.024390244,41,491,
point,5.552631579,38,492,
#islands,8.05,40,493,
Kuala Lumpur,6.03030303,33,494,
#inspire,7.842105263,38,495,
#destinations,7.4,40,496,
delayed,1.658536585,41,497,
#Macedonia,6.162162162,37,498,
Krabi,3.9,10,499,
Georgia (US state),6.12195122,41,500,
#Florence,7.55,40,501,
:),8.19047619,42,503,
bucket,4.619047619,42,504,
incredible,8.047619048,42,505,
nice,7.595238095,42,506,
boat,6.880952381,42,507,
falls,6.047619048,42,508,
#Myanmar,4.8,35,509,
wat,4.571428571,21,510,
letter,5.536585366,41,511,
hills,6.857142857,42,512,
eastern,6.285714286,42,513,
glorious,8.214285714,42,514,
Miami,6.404761905,42,515,
sleep,6.833333333,42,516,
#Finland,6.902439024,41,517,
who's,4.8,40,518,
Dublin,7.071428571,42,519,
missing person,1.146341463,41,520,
camp,6.214285714,42,521,
air condition,7.142857143,42,522,
visiting,6.925,40,524,
cruise,7.25,40,525,
today,6.65,40,526,
#Sydney,7.153846154,39,527,
you're,5.282051282,39,528,
water,7.225,40,529,
leave,3.85,40,530,
loved,7.575,40,531,
#flight,5.538461538,39,532,
#archives,5.314285714,35,533,
events,6.75,40,534,
woman,6.230769231,39,535,
game,6.717948718,39,536,
Brazil,6.102564103,39,537,
remember,6.525,40,538,
#Dublin,7.076923077,39,539,
info,6,39,540,
amusement park,7.475,40,541,
Michigan,4.666666667,39,542,
Montana,5.948717949,39,543,
Africa,5.372093023,43,545,
mountains,7.418604651,43,546,
#culture,7.186046512,43,547,
guest,6.627906977,43,548,
early,5.348837209,43,549,
reading,6.348837209,43,550,
historic,7.11627907,43,551,
#accommodation,6.813953488,43,552,
storm,3.76744186,43,553,
Europe's,7.930232558,43,554,
cycling,4.76744186,43,555,
#Milan,6.951219512,41,556,
turtles,6.790697674,43,557,
information,6.302325581,43,558,
shoes,5.930232558,43,559,
pillow,6.860465116,43,560,
United States of America,6.697674419,43,561,
October,6.023255814,43,562,
debit card,4.604651163,43,563,
New Jersey,4.093023256,43,564,
#vacation,7.581395349,43,566,
summer,7,43,567,
#roadtrip,7.11627907,43,568,
Australian,7.186046512,43,569,
moments,6.790697674,43,570,
steps,4.952380952,42,571,
#spa,6.88372093,43,572,
Abu Dhabi,4.923076923,39,573,
takes,4.631578947,38,574,
peninsula,6.404761905,42,575,
#Russia,4.19047619,42,576,
reserve,5.214285714,42,577,
space,5.860465116,43,578,
glacier,5.813953488,43,579,
play,7.534883721,43,580,
#photooftheday,6.162790698,43,581,
oldest,5,43,582,
theme,5.488372093,43,583,
Uganda,3.906976744,43,584,
coach,4.558139535,43,585,
#blog,4.804878049,41,587,
Sydney,7.261904762,42,588,
#budget,3.523809524,42,589,
pictures,7.238095238,42,590,
canyon,6.928571429,42,591,
golden,6.547619048,42,592,
today's,5.725,40,593,
#VilaDeRei,5.705882353,17,594,
club,5.476190476,42,595,
blogging,4.976190476,42,596,
school,3.380952381,42,597,
prices,3.166666667,42,598,
#Oregon,6.5,42,599,
San Juan,6.170731707,41,600,
architecture,6.880952381,42,601,
#Museum,6.904761905,42,602,
Saint Vincent and the Grenadines,6.935483871,31,603,
credit card,3.80952381,42,604,
departures,5.357142857,42,605,
American Samoa,6.166666667,36,606,
#holiday,7.951219512,41,608,
explore,7.926829268,41,609,
America,7.097560976,41,610,
style,6.463414634,41,611,
backpacking,6.512195122,41,612,
#Cairo,5.525,40,613,
left,4.076923077,39,614,
#Miami,6.325,40,615,
expensive,2.829268293,41,616,
items,5.219512195,41,617,
Helsinki,5.64516129,31,618,
changed,4.804878049,41,619,
airports,4.225,40,620,
#mountain,7.073170732,41,621,
affording,6.926829268,41,622,
Bolivia,4.815789474,38,623,
experiencing,7.365853659,41,624,
unlimited,7.414634146,41,625,
aren't,2.975,40,626,
Dominica,5.605263158,38,627,
plan,6.119047619,42,629,
walk,6.5,42,630,
Barcelona,7.047619048,42,631,
lunch,6.928571429,42,632,
friend,7.380952381,42,633,
#Venice,7.095238095,42,634,
beaten,2.285714286,42,635,
Monday,4.523809524,42,636,
Colombia,4.69047619,42,637,
Americans,5.904761905,42,638,
exotic,7.19047619,42,639,
#slowtravel,3.682926829,41,640,
gorge,4.763157895,38,641,
#EU,5.657894737,38,642,
Argentina,6.142857143,42,643,
pearl,6.333333333,42,644,
treat,7.285714286,42,645,
heating,4.904761905,42,646,
purple,5.619047619,42,647,
Barbados,7,40,648,
guide,6.046511628,43,650,
post,5.558139535,43,651,
reasons,5.534883721,43,652,
archives,5.837209302,43,653,
made,5.571428571,42,654,
save,6.279069767,43,655,
Vegas,6.744186047,43,656,
#Maldives,6.575757576,33,657,
Chiang Mai,5.727272727,22,658,
luggage,5.023255814,43,659,
nomad,5.707317073,41,660,
fear,2.302325581,43,661,
dinner,7.395348837,43,662,
#Vienna,7.024390244,41,663,
lifetime,6.441860465,43,664,
Rajasthan,5.1,20,665,
teach,6.19047619,42,666,
Iraq,2.88372093,43,667,
Serbia,4.2,40,668,
suitcase,5.348837209,43,669,
finding,6.243902439,41,671,
#family,7.69047619,42,672,
cape,5.975,40,673,
#holidays,7.5,42,674,
I'll,5.365853659,41,675,
southern,5.785714286,42,676,
postcard,6.619047619,42,677,
Athens,6.5,42,678,
feature,6.095238095,42,679,
cafe,7.047619048,42,680,
loving,7.785714286,42,681,
death,1.30952381,42,682,
#traveldeals,7.19047619,42,683,
building,5.609756098,41,684,
zoo,6.619047619,42,685,
#cruising,7.219512195,41,686,
railway,6.071428571,42,687,
"Gambia, The",4.928571429,28,688,
Tuvalu,5.55,20,689,
day off,8.380952381,42,690,
winter,4.697674419,43,692,
daily,5.860465116,43,693,
money,5.372093023,43,694,
happy,8.511627907,43,695,
tourist,5.976190476,42,696,
air,6.418604651,43,697,
music,7.651162791,43,698,
put,4.523809524,42,699,
#selfie,5.285714286,42,700,
inspire,7.837209302,43,701,
Italian,6.930232558,43,702,
tropical,7.813953488,43,703,
San Diego,6.511627907,43,704,
waves,7.720930233,43,705,
visitors,6.186046512,43,706,
fascinating,8.046511628,43,707,
#kids,4.348837209,43,708,
date,7.069767442,43,709,
kilometers,5.707317073,41,710,
#beach,7.69047619,42,712,
cheap,6.214285714,42,713,
Iceland,6.761904762,42,714,
plans,6.714285714,42,715,
safe,8.023809524,42,716,
#digitalnomads,5.142857143,28,717,
#Kerala,4.6,15,718,
media,4.595238095,42,719,
#SriLanka,5.476190476,42,720,
black,4.69047619,42,721,
breaking,3.380952381,42,722,
#best,7.731707317,41,723,
pros,6.609756098,41,724,
Aurora,6.414634146,41,725,
Colorado,7.095238095,42,726,
Cappadocia,5.642857143,14,727,
#Albania,4.761904762,42,728,
Georgia (country),4.725,40,729,
San Marino,6.216216216,37,730,
arrival,7.857142857,42,731,
visit,7.558139535,43,733,
islands,7.720930233,43,734,
tourism,6.571428571,42,735,
nature,7.785714286,42,736,
#wine,6.395348837,43,737,
social,6.720930233,43,738,
complete,6.761904762,42,739,
#safari,6.619047619,42,740,
met,5.860465116,43,741,
coolest,6.976744186,43,742,
#enroute,6.19047619,42,743,
Flickr,5.315789474,38,744,
rules,3.837209302,43,745,
Guatemala,4.604651163,43,746,
afford,6.046511628,43,747,
clearance,5.651162791,43,748,
Sudan,3.209302326,43,749,
Tonga,5.558823529,34,750,
Missouri,4.558139535,43,751,
mile,5.279069767,43,752,
good,7.25,40,754,
what's,4.461538462,39,755,
local,6.175,40,756,
stunning,7.65,40,757,
sites,6.025,40,758,
#scuba,5.95,40,759,
sale,6.2,40,760,
Maui,7.282051282,39,761,
honeymoon,7.275,40,762,
#startup,5,36,763,
lakes,6.975,40,764,
monastery,4.923076923,39,765,
Oregon,6.075,40,766,
industry,4.025,40,767,
haha,6.512820513,39,768,
Curacao,6,31,769,
Togo,5.566666667,30,770,
explosion,2.125,40,771,
stormy,3.25,40,772,
big,6.333333333,42,774,
avoid,2.595238095,42,775,
times,5.142857143,42,776,
#SouthAmerica,5.390243902,41,777,
cheapest,7.119047619,42,778,
#save,6.621621622,37,779,
survive,4.219512195,41,780,
kingdom,6.30952381,42,781,
quotes,5.642857143,42,782,
Nicaragua,4.476190476,42,783,
carry-on,5.595238095,42,784,
Vienna,6.80952381,42,785,
distance,5.476190476,42,786,
images,7,42,787,
men,5.12195122,41,788,
internet,6.642857143,42,789,
#solo,5.027027027,37,790,
Bosnia and Herzegovina,3.833333333,42,791,
Latvia,4.41025641,39,792,
Uruguay,4.738095238,42,793,
#Asia,6.317073171,41,795,
wine,6.829268293,41,796,
learned,6.341463415,41,797,
#deals,7.414634146,41,798,
heaven,7.414634146,41,799,
#guide,6.390243902,41,800,
united,5.853658537,41,801,
#book,6.195121951,41,802,
kind,7.707317073,41,803,
dead,1.390243902,41,804,
Patagonia,6.206896552,29,805,
#health,6.902439024,41,806,
based,5.27027027,37,807,
websites,6.073170732,41,808,
coastal,8.146341463,41,809,
Taj Mahal,6.804878049,41,810,
scared,2.268292683,41,811,
Burma,5.852941176,34,812,
platform,5.05,40,813,
ATM,5.048780488,41,814,
#travelblogger,5.475,40,816,
win,7.928571429,42,817,
morning,6.19047619,42,818,
Bali,7.048780488,41,819,
years,4.80952381,42,820,
#Cuba,5.219512195,41,821,
earth,7.19047619,42,822,
restaurants,8,42,823,
ice,4.857142857,42,824,
#traveler,6.414634146,41,825,
plane,5.404761905,42,826,
#tbt,5.696969697,33,827,
saving,6.595238095,42,828,
#amazing,7.642857143,42,829,
largest,5.902439024,41,830,
#follow,5.230769231,39,831,
lines,3,41,832,
transport,5.642857143,42,833,
turns,4.707317073,41,834,
gate,4.325,40,835,
road,6.325581395,43,837,
days,6.186046512,43,838,
town,6.488372093,43,839,
#blogger,4.372093023,43,840,
#France,6.674418605,43,841,
#travelskills,5.875,40,842,
adventures,7.88372093,43,843,
Norway,6.744186047,43,844,
famous,6.279069767,43,845,
#Chile,5.697674419,43,846,
planet,5.76744186,43,847,
fire,3,43,848,
eye,5.357142857,42,849,
options,6.953488372,43,850,
vacations,8,43,851,
Perth,5.939393939,33,852,
locations,6.744186047,43,853,
booked,5.511627907,43,854,
November,6.023255814,43,855,
vacation days,8,43,856,
trip,7.813953488,43,858,
home,6.720930233,43,859,
#hotels,6.744186047,43,860,
rock,5.255813953,43,861,
#traveltheworld,7.904761905,42,862,
#hostel,4,41,863,
didn't,3.069767442,43,864,
#york,5.418604651,43,865,
I'd,5.302325581,43,866,
excited,8.139534884,43,867,
Brussels,5.642857143,42,868,
:-),8.069767442,43,869,
#bargains,7.348837209,43,870,
calm,7.302325581,43,871,
retreat,7.302325581,43,872,
shows,6.604651163,43,873,
sports,5.697674419,43,874,
United Arab Emirates,4.139534884,43,875,
New Mexico,5.651162791,43,876,
weekend,7.674418605,43,878,
#luxurytravel,7.255813953,43,879,
snow,5.348837209,43,880,
staying,6.5,42,881,
hike,6.837209302,43,882,
eats,7.325581395,43,883,
route,5.744186047,43,884,
hard,2.953488372,43,885,
breathtaking,8.186046512,43,886,
hate,1.860465116,43,887,
totally,5.837209302,43,888,
Pacific,7.046511628,43,889,
apply,4.738095238,42,890,
Tuesday,4.860465116,43,891,
number,4.651162791,43,892,
Cairo,6.209302326,43,893,
simply,6.166666667,42,894,
fell,2.785714286,42,895,
violet,5.627906977,43,896,
students,4.674418605,43,897,
week,6.488372093,43,899,
train,6.511627907,43,900,
China,5.441860465,43,901,
natural,7.441860465,43,902,
#Istanbul,5.023809524,42,903,
#winter,4.534883721,43,904,
gold,6.87804878,41,905,
international,7.093023256,43,906,
church,4.697674419,43,907,
gifts,7.139534884,43,908,
#Museums,7.023255814,43,909,
photographers,6.488372093,43,910,
culinary,7.534883721,43,911,
skyline,7.404761905,42,912,
parents,6.395348837,43,913,
broken,1.790697674,43,914,
Central African Republic,3.930232558,43,915,
subway,5.372093023,43,916,
senior citizens,5,42,917,
Kentucky,5.23255814,43,918,
#traveltuesday,5.485714286,35,920,
find,5.975,40,921,
people,5.658536585,41,922,
ultimate,7,40,923,
#Spain,6.414634146,41,924,
EUR,6.15625,32,925,
can't,2.45,40,926,
Friday,7.536585366,41,927,
guys,5,40,928,
#streetart,6.257142857,35,929,
shopping,6.317073171,41,930,
#Disney,6.609756098,41,931,
clouds,6,41,932,
Australia's,6.731707317,41,933,
snowy,4.512195122,41,934,
#Slovenia,4.971428571,35,935,
square,4.804878049,41,936,
#Oceania,6.175,40,937,
Solomon Islands,6.028571429,35,938,
parking,3.75,40,939,
#tourism,6.56097561,41,941,
world's,6.463414634,41,942,
#inspiration,7.214285714,42,943,
#free,7.404761905,42,944,
pic,6.380952381,42,945,
English,7.333333333,42,946,
Airbnb,5.707317073,41,947,
autumn,7.642857143,42,948,
#facts,5.425,40,949,
backpackers,6.19047619,42,950,
hacks,3.902439024,41,951,
Phuket,6,26,952,
Maldives,6.121212121,33,953,
saint,5.761904762,42,954,
Austria,6.55,40,955,
Kyrgyzstan,3.433333333,30,956,
Micronesia,5,27,957,
Palau,5.782608696,23,958,
Rwanda,3.157894737,38,959,
purchase,5.666666667,42,960,
#NYC,6.666666667,39,962,
@Pinterest,5.631578947,38,963,
worth,6.512820513,39,964,
#Prague,6.324324324,37,965,
give,6.179487179,39,966,
England,6.923076923,39,967,
tree,7.026315789,38,968,
#US,7.179487179,39,969,
scenic,7.897435897,39,970,
comment,5.153846154,39,971,
bag,5.461538462,39,972,
#getaway,7.461538462,39,973,
memorable,7.897435897,39,974,
product,4.897435897,39,975,
Taipei,6.161290323,31,976,
#landscapes,7.512820513,39,977,
fab,5.972222222,36,978,
pm,5.710526316,38,979,
missing luggage,1.666666667,39,980,
August,6.641025641,39,981,
popular,6.30952381,42,983,
hidden,6.642857143,42,984,
east,6.261904762,42,985,
that's,5.365853659,41,986,
#girlstravel,5.974358974,39,987,
June,7.071428571,42,988,
war,1.380952381,42,989,
private,7,42,990,
posts,5.219512195,41,991,
#Mongolia,5.641025641,39,992,
Vancouver,6.585365854,41,993,
create,6.595238095,42,994,
#gapyear,5.115384615,26,995,
Florida,6.619047619,42,996,
#StJohn,6.470588235,34,997,
Bangalore,5,34,998,
sanctuary,6.5,42,999,
yellow,6.047619048,42,1000,
Sierra Leone,4.108108108,37,1001,
South Dakota,5.476190476,42,1002,
#Egypt,5.238095238,42,1004,
#win,7.047619048,42,1005,
Dubai,5.619047619,42,1006,
#focus,5.780487805,41,1007,
#Jesus,5.19047619,42,1008,
choose,6.619047619,42,1009,
#Colombia,5.261904762,42,1010,
return,4.5,42,1011,
recommendations,6.666666667,42,1012,
power,5.761904762,42,1013,
move,5.404761905,42,1014,
finally,5.952380952,42,1015,
fast,6.595238095,42,1016,
write,5.642857143,42,1017,
Copenhagen,6.564102564,39,1018,
shower,6.214285714,42,1019,
Antigua and Barbuda,6.72972973,37,1020,
Haiti,4.738095238,42,1021,
ticket,6.714285714,42,1022,
United States Virgin Islands,6.682926829,41,1023,
#Greece,5.928571429,42,1025,
make,5.833333333,42,1026,
views,7.738095238,42,1027,
UK,6.523809524,42,1028,
wild,6.404761905,42,1029,
meet,6.333333333,42,1030,
sky,7.43902439,41,1031,
crazy,4.523809524,42,1032,
Istanbul,5.463414634,41,1033,
parks,7.761904762,42,1034,
expect,5.642857143,42,1035,
beer,6.214285714,42,1036,
#Zanzibar,5.742857143,35,1037,
#traveldaily,6.179487179,39,1038,
Zanzibar,5.617647059,34,1039,
comfort,7.857142857,42,1040,
#backpackers,6.023809524,42,1041,
stuck,2.30952381,42,1042,
traveler's,6.642857143,42,1043,
Liechtenstein,6.032258065,31,1044,
#video,5.102564103,39,1046,
free,8.093023256,43,1047,
travelers,7.069767442,43,1048,
article,5.069767442,43,1049,
amazon,6.558139535,43,1050,
Scotland,7.071428571,42,1051,
breaks,5.930232558,43,1052,
fabulous,8.093023256,43,1053,
southeast,6.23255814,43,1054,
peak,6.604651163,43,1055,
rtw,4.555555556,9,1056,
costs,2.581395349,43,1057,
<3,7.289473684,38,1058,
check-in,6.860465116,43,1059,
WiFi,7.76744186,43,1060,
Armenia,4.69047619,42,1061,
El Salvador,4.790697674,43,1062,
Fiji,7.452380952,42,1063,
Kiribati,5,17,1064,
it's,4.928571429,42,1066,
hotels,6.761904762,42,1067,
art,7.238095238,42,1068,
Italy,7.642857143,42,1069,
culture,7.571428571,42,1070,
#Facebook,4.30952381,42,1071,
USA,6.30952381,42,1072,
gorgeous,8.476190476,42,1073,
photoblog,5.487804878,41,1074,
#Austria,6.857142857,42,1075,
#paradise,8.30952381,42,1076,
chocolate,7.738095238,42,1077,
faces,6,42,1078,
code,4.731707317,41,1079,
dance,6.904761905,42,1080,
#lgbt,5.282051282,39,1081,
a/c,7.195121951,41,1082,
Guyana,5.324324324,37,1083,
May,6.69047619,42,1084,
spring,7.348837209,43,1086,
online,6,43,1087,
Berlin,6.11627907,43,1088,
quick,5.488372093,43,1089,
Switzerland,7.071428571,42,1090,
#travelguides,6.325581395,43,1091,
festivals,7.627906977,43,1092,
French,6.651162791,43,1093,
#trekking,6.076923077,39,1094,
#Iran,2.674418605,43,1095,
close,5.214285714,42,1096,
van,4.976744186,43,1097,
waiting,3.11627907,43,1098,
memory,7.395348837,43,1099,
canal,6.162790698,43,1100,
kit,4.925,40,1101,
Havana,5.975,40,1102,
fish,5.372093023,43,1103,
youth hostel,4.095238095,42,1104,
Saint Kitts and Nevis,6.892857143,28,1105,
world,7.585365854,41,1107,
part,4.820512821,39,1108,
holiday,7.853658537,41,1109,
New York,6.56097561,41,1110,
coast,7.707317073,41,1111,
#trlt,5.555555556,9,1112,
#bucketlist,6.4,40,1113,
blue,5.25,40,1114,
#travelgear,6.243902439,41,1115,
real,6.682926829,41,1116,
making,5.609756098,41,1117,
white,5.605263158,38,1118,
mount,5.975,40,1119,
diving,5.926829268,41,1120,
Florence,7.225,40,1121,
thoughts,6.292682927,41,1122,
#train,6.43902439,41,1123,
jewel,6.365853659,41,1124,
#aviation,5.58974359,39,1125,
Mali,6.054054054,37,1126,
long,5.146341463,41,1128,
#art,7.268292683,41,1129,
#Singapore,6.230769231,39,1130,
friendly,8.268292683,41,1131,
pretty,8.097560976,41,1132,
foods,7.731707317,41,1133,
rail,5.75,40,1134,
Victoria,6.388888889,36,1135,
trees,7.512195122,41,1136,
broke,1.609756098,41,1137,
#drink,6.951219512,41,1138,
@PayPal,5.625,40,1139,
covered,6.125,40,1140,
wrong,1.658536585,41,1141,
#PNW,5.75,12,1142,
event,6.87804878,41,1143,
#beer,6.073170732,41,1144,
huge,6.575,40,1145,
successful,8.219512195,41,1146,
express,7.12195122,41,1147,
travel,7.710526316,38,1149,
#adventure,7.894736842,38,1150,
#Germany,6.684210526,38,1151,
#love,7.473684211,38,1152,
#NewZealand,7.473684211,38,1153,
watching,5.947368421,38,1154,
bus,4.736842105,38,1155,
service,5.842105263,38,1156,
#shopping,6.289473684,38,1157,
half,4.631578947,38,1158,
#travelvideo,6.210526316,38,1159,
#travelgram,5.7,30,1160,
teaching,5.763157895,38,1161,
#fashion,5.578947368,38,1162,
roadtrip,7.578947368,38,1163,
rooftop,5.657894737,38,1164,
Czech,5.513513514,37,1165,
#volunteer,6.135135135,37,1166,
monthly,5.026315789,38,1167,
business class,6,38,1168,
destinations,7.365853659,41,1170,
bay,7.195121951,41,1171,
watch,5.975609756,41,1172,
Costa Rica,6.87804878,41,1173,
Instagram,5.341463415,41,1174,
locals,6.292682927,41,1175,
coming,6.073170732,41,1176,
#Dubai,5.073170732,41,1177,
Lisbon,5.675,40,1178,
celebrate,8.048780488,41,1179,
Rio de Janeiro,6.585365854,41,1180,
phone,5.56097561,41,1181,
Beijing,5.731707317,41,1182,
#traveladvice,4.7,40,1183,
landscapes,7.926829268,41,1184,
highest,6.317073171,41,1185,
salt,5.195121951,41,1186,
fave,6.157894737,38,1187,
drinking,6.219512195,41,1188,
accident,1.585365854,41,1189,
Japan,7.390243902,41,1191,
#giveaway,7.219512195,41,1192,
#athens,6.87804878,41,1193,
story,6.268292683,41,1194,
#go,6.675,40,1195,
taste,7.390243902,41,1196,
#beautiful,7.658536585,41,1197,
discount,7.707317073,41,1198,
selfie,5.170731707,41,1199,
thai,6.512195122,41,1200,
globe,6.95,40,1201,
download,5.25,40,1202,
#fridayfeeling,6.657894737,38,1203,
wedding,6.585365854,41,1204,
Azerbaijan,4,29,1205,
Ghana,4.368421053,38,1206,
Niger,4.564102564,39,1207,
Papua New Guinea,5.625,40,1208,
goods,6.487804878,41,1209,
Rhode Island,5.731707317,41,1210,
national,5.595238095,42,1212,
Paris,7.428571429,42,1213,
favorite,7.30952381,42,1214,
blogger,4.785714286,42,1215,
#Indonesia,4.857142857,42,1216,
tourists,5.095238095,42,1217,
#fun,7.5,42,1218,
reason,5.238095238,42,1219,
center,5.170731707,41,1220,
#tech,5.390243902,41,1221,
#travelquote,4.794871795,39,1222,
exclusive,6.738095238,42,1223,
spotlight,5.195121951,41,1224,
#CzechRepublic,4.738095238,42,1225,
jet,6.238095238,42,1226,
#Montenegro,6.111111111,36,1227,
Venezuela,4.523809524,42,1228,
boarding pass,5.595238095,42,1229,
Arkansas,3.880952381,42,1230,
island,7.904761905,42,1232,
photos,7.166666667,42,1233,
I'm,5.976190476,42,1234,
kids,4.714285714,42,1235,
itinerary,6.095238095,42,1236,
#Iceland,6.428571429,42,1237,
ready,7,42,1238,
Bangkok,5.404761905,42,1239,
Portugal,6.404761905,42,1240,
resorts,7.595238095,42,1241,
#socialmedia,4.738095238,42,1242,
#travelpic,6.285714286,42,1243,
#party,6.833333333,42,1244,
called,5.071428571,42,1245,
Machu Picchu,6.657894737,38,1246,
Guinea,4.780487805,41,1247,
Marshall Islands,6.542857143,35,1248,
student,5.048780488,41,1249,
Iowa,4.19047619,42,1250,
#England,7.69047619,42,1252,
epic,7.428571429,42,1253,
state,5.476190476,42,1254,
Cuba,5.238095238,42,1255,
#tourist,6.404761905,42,1256,
simple,6.428571429,42,1257,
#Jamaica,7.463414634,41,1258,
#passport,6.380952381,42,1259,
truth,6.69047619,42,1260,
price,4.19047619,42,1261,
#Kashmir,4.852941176,34,1262,
rice,5.390243902,41,1263,
#fly,6.804878049,41,1264,
Lebanon,3.428571429,42,1265,
Pakistan,2.880952381,42,1266,
crash,1.5,42,1267,
receipt,4.595238095,42,1268,
duty,3.707317073,41,1269,
TSA,3.184210526,38,1270,
Virginia,5.928571429,42,1271,
#photography,7.487804878,41,1273,
spend,4.619047619,42,1274,
red,5.463414634,41,1275,
open,7.285714286,42,1276,
Philippines,6.119047619,42,1277,
#Tokyo,6.976190476,42,1278,
#Brazil,6.170731707,41,1279,
#Taiwan,6.095238095,42,1280,
sunsets,8.30952381,42,1281,
discovering,8,42,1282,
global,6.976190476,42,1283,
ago,4.238095238,42,1284,
waterfall,8.238095238,42,1285,
;-),7.317073171,41,1286,
cook,6.642857143,42,1287,
cubes,5.12195122,41,1288,
Gabon,4.619047619,21,1289,
terrorist,1.285714286,42,1290,
withdrawal,2.595238095,42,1291,
beautiful,8.365853659,41,1293,
#Bangkok,5.634146341,41,1294,
feel,6.390243902,41,1295,
agree,6.675,40,1296,
#Barcelona,7.15,40,1297,
Nepal,5.595238095,42,1298,
dreaming,7.731707317,41,1299,
#travelinspiration,7.029411765,34,1300,
Mediterranean,7.476190476,42,1301,
#Arizona,6.25,40,1302,
hottest,5,41,1303,
lens,5.775,40,1304,
@livelearnventur,5.84,25,1305,
turn,4.609756098,41,1306,
award,7.170731707,41,1307,
trends,5.268292683,41,1308,
weekly,5.390243902,41,1309,
July,6.756097561,41,1310,
State of Palestine,2.725,40,1311,
South Sudan,2.45,40,1312,
#hiking,6.475,40,1314,
month,5.9,40,1315,
#beauty,7.725,40,1316,
we've,6.325,40,1317,
#Melbourne,7.025641026,39,1318,
let's,6.55,40,1319,
Santorini,6.5,30,1320,
call,4.95,40,1321,
sharing,6.475,40,1322,
#Laos,5.538461538,39,1323,
quit,2.375,40,1324,
vote,4.375,40,1325,
#greatoceanroad,7,37,1326,
Netherlands,6.75,40,1327,
bed,6.925,40,1328,
cancelled,1.9,40,1329,
riding,6.7,40,1330,
magenta,6.076923077,39,1331,
Zimbabwe,4.7,40,1332,
cash,6.675,40,1333,
back,3.875,40,1335,
luxury,7.775,40,1336,
sun,7.75,40,1337,
flying,6.425,40,1338,
airport,5.25,40,1339,
heart,7.25,40,1340,
advice,5.825,40,1341,
lovely,7.9,40,1342,
#Nepal,5.057142857,35,1343,
#festival,7.41025641,39,1344,
Los Angeles,6.4,40,1345,
postcards,6.85,40,1346,
lonely,1.375,40,1347,
Japanese,6.564102564,39,1348,
learnt,5.588235294,34,1349,
happiness,8.575,40,1350,
Kosovo,3.40625,32,1351,
Liberia,3.263157895,38,1352,
North Dakota,4.65,40,1353,
Tennessee,5.820512821,39,1354,
#solotravel,5.195121951,41,1356,
low,2.414634146,41,1357,
#history,6.219512195,41,1358,
#Rome,7.195121951,41,1359,
magical,8.048780488,41,1360,
wonderful,8.292682927,41,1361,
visited,6.707317073,41,1362,
escape,6.634146341,41,1363,
delicious,8.219512195,41,1364,
American,6.219512195,41,1365,
#LasVegas,6.268292683,41,1366,
seat,4.731707317,41,1367,
#LosAngeles,5.780487805,41,1368,
Boston,6.243902439,41,1369,
farm,5.390243902,41,1370,
happened,5.634146341,41,1371,
vibrant,8.219512195,41,1372,
Angola,3.757575758,33,1373,
train station,5.87804878,41,1374,
currency,5.512195122,41,1375,
#traveltips,6.609756098,41,1377,
fun,8.390243902,41,1378,
countries,6.780487805,41,1379,
chat,5.926829268,41,1380,
trekking,6.073170732,41,1381,
#Lisbon,5.631578947,38,1382,
volcano,5.731707317,41,1383,
greatest,7.609756098,41,1384,
#world,7.048780488,41,1385,
beat,4.487804878,41,1386,
update,5.365853659,41,1387,
lose,2.317073171,41,1388,
sector,4.43902439,41,1389,
#Sweden,7.317073171,41,1390,
glass,5.317073171,41,1391,
Chad,3.552631579,38,1392,
Slovakia,4.675,40,1393,
Zambia,4.05,40,1394,
declare,4.292682927,41,1395,
Minnesota,5.243902439,41,1396,
Christmas,7.658536585,41,1398,
side,5.024390244,41,1399,
western,6.219512195,41,1400,
foodie,6.35,40,1401,
working,4.390243902,41,1402,
facts,6.048780488,41,1403,
recommend,6.829268293,41,1404,
tomorrow,6.170731707,41,1405,
female,6.829268293,41,1406,
haven't,3.268292683,41,1407,
insider,5.87804878,41,1408,
track,5.43902439,41,1409,
freedom,8,41,1410,
bank,4.585365854,41,1411,
reap,4.948717949,39,1412,
foreign,6.317073171,41,1413,
#Alaska,6.829268293,41,1414,
glad,8.073170732,41,1415,
crib,4.65,40,1416,
Holy See,5.2,25,1417,
#Europe,7.214285714,42,1419,
tour,7.095238095,42,1420,
#foodie,6.928571429,42,1421,
Canada,6.785714286,42,1422,
essential,5.829268293,41,1423,
weeks,6.404761905,42,1424,
shares,5.463414634,41,1425,
ur,5.117647059,17,1426,
Animals,7.547619048,42,1427,
1st,6.625,40,1428,
#travelguide,6.048780488,41,1429,
bars,6.095238095,42,1430,
jobs,3.902439024,41,1431,
prepare,5.5,42,1432,
forward,6.073170732,41,1433,
words,5.56097561,41,1434,
spice,6.325,40,1435,
#books,6.390243902,41,1436,
castles,7.5,42,1437,
Bagan,5.8,10,1438,
hotel,7.465116279,43,1440,
paradise,8.511627907,43,1441,
diaries,5.046511628,43,1442,
slow,3.23255814,43,1443,
essay,2.976744186,43,1444,
spot,6.209302326,43,1445,
spectacular,8.465116279,43,1446,
#airlines,4.581395349,43,1447,
tickets,6.720930233,43,1448,
tale,6.069767442,43,1449,
#Lomography,5.833333333,6,1450,
order,5.093023256,43,1451,
#african,5.23255814,43,1452,
cars,6.279069767,43,1453,
details,5.906976744,43,1454,
lifestyle,7.023255814,43,1455,
Vanuatu,5.444444444,18,1456,
sick day,3.744186047,43,1457,
Kansas,4.162790698,43,1458,
Maryland,5.162790698,43,1459,
things,5.775,40,1461,
photograph,7.25,40,1462,
NYC,6.9,40,1463,
activities,7.3,40,1464,
thinking,6.45,40,1465,
boutiqueresort,6.896551724,29,1466,
run,4.65,40,1467,
sitting,5.55,40,1468,
featured,6.45,40,1469,
charming,7.575,40,1470,
celebrating,7.9,40,1471,
#breakfast,7.5,40,1472,
strange,4.35,40,1473,
Holland,7.35,40,1474,
Utah,5.525,40,1475,
check-out,3.725,40,1476,
Algeria,4.512820513,39,1477,
Snapchat,5.475,40,1478,
sick,1.512820513,39,1479,
round-trip,6.85,40,1480,
read,6.075,40,1482,
#Africa,5.625,40,1483,
#Paris,7.2,40,1484,
traveler,7.15,40,1485,
#Canada,6.75,40,1486,
#island,7.525,40,1487,
car,6.5,40,1488,
fall,5.275,40,1489,
hill,5.775,40,1490,
Delhi,5.815789474,38,1491,
gear,5.75,40,1492,
houses,6.225,40,1493,
ruins,5.925,40,1494,
#theweeklypostcard,5.25,28,1495,
queen,6.25,40,1496,
British,6.9,40,1497,
rain,4.375,40,1498,
#travels,7.15,40,1499,
journeys,7.625,40,1500,
Jamaica,6.9,40,1501,
#USA,6.76744186,43,1503,
Rome,7.674418605,43,1504,
rates,4.255813953,43,1505,
bad,1.76744186,43,1506,
eating,7.860465116,43,1507,
#Seattle,6.720930233,43,1508,
late,2.930232558,43,1509,
#Victoria,6.048780488,41,1510,
baby,5.23255814,43,1511,
term,4.651162791,43,1512,
#mountains,7.534883721,43,1513,
sleeping,6.697674419,43,1514,
#travelers,6.279069767,43,1515,
pink,5.953488372,43,1516,
security,5.023255814,43,1517,
#Madagascar,6.372093023,43,1518,
"Congo, Republic of the",4.325581395,43,1519,
Nauru,6.785714286,14,1520,
customs,3.558139535,43,1521,
up,6.604651163,43,1522,
#food,7.452380952,42,1524,
Australia,7.19047619,42,1525,
south,5.976190476,42,1526,
vacation,8.261904762,42,1527,
stories,7.095238095,42,1528,
#beaches,7.902439024,41,1529,
palace,6.756097561,41,1530,
#mondaymotivation,5,36,1531,
alternative,5.357142857,42,1532,
hostels,4.076923077,39,1533,
learning,7,42,1534,
girl,6.19047619,42,1535,
single,4.380952381,42,1536,
young,6.428571429,42,1537,
#airport,4.952380952,42,1538,
scuba,5.926829268,41,1539,
hipmunk,4.875,16,1540,
wondered,6.43902439,41,1541,
Kazakhstan,3.676470588,34,1542,
beach,7.75,40,1544,
sunrise,7.825,40,1545,
festival,7.2,40,1546,
Vietnam,4.666666667,39,1547,
ideas,6.775,40,1548,
short,3.975,40,1549,
Venice,7.769230769,39,1550,
lights,6.975,40,1551,
#picoftheday,5.925,40,1552,
afternoon,7.025,40,1553,
relaxing,8.6,40,1554,
#CapeTown,6.216216216,37,1555,
instant,6.15,40,1556,
diary,5.325,40,1557,
#app,4.805555556,36,1558,
volunteering,5.3,40,1559,
#muslim,4.461538462,39,1560,
#insurance,3.666666667,39,1561,
South Carolina,6.461538462,39,1562,
cloudy,4.275,40,1563,
deals,7.585365854,41,1565,
abroad,7.463414634,41,1566,
#summer,7.585365854,41,1567,
#Philippines,5.341463415,41,1568,
dream,7.780487805,41,1569,
walking,6.56097561,41,1570,
castle,7.268292683,41,1571,
#flashback,5.658536585,41,1572,
region,5.829268293,41,1573,
stars,7.707317073,41,1574,
#Vancouver,6.609756098,41,1575,
card,5.170731707,41,1576,
agent,4.951219512,41,1577,
tiny,4.658536585,41,1578,
discovered,7,41,1579,
Alberta,6.435897436,39,1580,
memorial,4.609756098,41,1581,
Cameroon,5.297297297,37,1582,
Mozambique,5.236842105,38,1583,
identification,5.195121951,41,1584,
#familytravel,7.333333333,42,1586,
latest,6.19047619,42,1587,
place,6.619047619,42,1588,
#explore,7.666666667,42,1589,
miss,2.714285714,42,1590,
start,7.095238095,42,1591,
climbing,5.904761905,42,1592,
#travelove,7.128205128,39,1593,
film,6.238095238,42,1594,
#restaurants,7.357142857,42,1595,
location,6.952380952,42,1596,
rental,5.476190476,42,1597,
cooking,6,42,1598,
goawesomeplaces,7.5,38,1599,
#RioDeJaneiro,6.404761905,42,1600,
long-term,6.095238095,42,1601,
Luxembourg,6.825,40,1602,
tomato juice,4.1,40,1603,
purchasing,5.785714286,42,1604,
border crossing,4.80952381,42,1605,
#Bali,6.634146341,41,1607,
friends,7.720930233,43,1608,
there's,5.341463415,41,1609,
choice,7.325581395,43,1610,
cruises,7.162790698,43,1611,
months,5.209302326,43,1612,
gem,6.714285714,42,1613,
#foodporn,6.414634146,41,1614,
moving,4.930232558,43,1615,
books,6.395348837,43,1616,
#honeymoon,7.790697674,43,1617,
challenge,4.720930233,43,1618,
scene,6.441860465,43,1619,
shots,4.627906977,43,1620,
featuring,6.166666667,42,1621,
February,5.139534884,43,1622,
Ukraine,3.488372093,43,1623,
ambulance,2.11627907,43,1624,
oneway ticket,5.558139535,43,1625,
Connecticut,4.976190476,42,1626,
#London,7.76744186,43,1628,
lost,1.837209302,43,1629,
pics,7.80952381,42,1630,
romantic,8.023255814,43,1631,
restaurant,8.162790698,43,1632,
camping,6.534883721,43,1633,
inside,5.906976744,43,1634,
#tour,7.209302326,43,1635,
lodge,7.348837209,43,1636,
#music,7.627906977,43,1637,
carnival,7.511627907,43,1638,
#UNESCO,5.941176471,17,1639,
mine,5.790697674,43,1640,
sweet,7.88372093,43,1641,
surprise,7.581395349,43,1642,
#Panama,6.395348837,43,1643,
Belarus,5.363636364,33,1644,
Malawi,6.28125,32,1645,
Paraguay,6.075,40,1646,
Pennsylvania,5.80952381,42,1647,
food,7.720930233,43,1649,
cool,7,43,1650,
#wanderlustwednesday,6.258064516,31,1651,
Madrid,6.780487805,41,1652,
lessons,5.046511628,43,1653,
Kyoto,6.285714286,35,1654,
#Belize,5.714285714,42,1655,
rocks,5.627906977,43,1656,
means,4.953488372,43,1657,
#resort,6.930232558,43,1658,
district,5.069767442,43,1659,
#photos,6.976744186,43,1660,
Honduras,5.333333333,42,1661,
colorful,7.697674419,43,1662,
oasis,7.813953488,43,1663,
Stockholm,5.292682927,41,1664,
Lithuania,4.35,40,1665,
Mauritania,5.357142857,28,1666,
marijuana,5.166666667,42,1667,
departure,6.186046512,43,1668,
night,6.585365854,41,1670,
#lovetravel,7.6,40,1671,
living,7.414634146,41,1672,
change,5.658536585,41,1673,
#quote,5.388888889,36,1674,
Croatia,5.375,40,1675,
fresh,7.87804878,41,1676,
Chinese,5.951219512,41,1677,
vegan,4.146341463,41,1678,
Egypt,6.365853659,41,1679,
wall,4.097560976,41,1680,
lots,6.341463415,41,1681,
#adelaide,6.541666667,24,1682,
Aussie,7.325,40,1683,
abandoned,2.634146341,41,1684,
Yellowstone,7.425,40,1685,
Turkmenistan,4.59375,32,1686,
currency exchange,5.365853659,41,1687,
fee,2.731707317,41,1688,
duty free,6.634146341,41,1689,
#wanderlust,6.314285714,35,1691,
country,6.973684211,38,1692,
beauty,8.315789474,38,1693,
#Ireland,7.526315789,38,1694,
inspiration,7.447368421,38,1695,
camera,7.184210526,38,1696,
questions,5.216216216,37,1697,
trail,7.368421053,38,1698,
step,5.210526316,38,1699,
pool,7.263157895,38,1700,
guides,6.108108108,37,1701,
#Netherlands,7.342105263,38,1702,
youtube,5.526315789,38,1703,
villages,6.736842105,38,1704,
#Kenya,5.473684211,38,1705,
Lombok,5.666666667,9,1706,
GoUNESCO,5.166666667,12,1707,
Queensland,7.171428571,35,1708,
shuttle,5.236842105,38,1709,
Northern Mariana Islands,6.517241379,29,1710,
#photo,6.615384615,39,1712,
#travelblog,5.641025641,39,1713,
experience,7.333333333,39,1714,
London,7,39,1715,
perfect,8.275,40,1716,
booking,5.6,40,1717,
tower,5.75,40,1718,
we're,6.025641026,39,1719,
Greek,6.282051282,39,1720,
hour,5.45,40,1721,
Peru,6.282051282,39,1722,
#ski,5.794871795,39,1723,
#Malta,6.548387097,31,1724,
hit,3.594594595,37,1725,
peace,7.45,40,1726,
jumping,6.05,40,1727,
tales,6.4,40,1728,
Cabo Verde,6.178571429,28,1729,
Djibouti,4.857142857,28,1730,
Yemen,3.230769231,39,1731,
love,8.075,40,1733,
here's,5.15,40,1734,
#China,4.783783784,37,1735,
bloggers,4.825,40,1736,
light,6.55,40,1737,
hostel,3.725,40,1738,
special,7.15,40,1739,
#adventuretravel,6.684210526,38,1740,
streets,5.825,40,1741,
states,6.125,40,1742,
rise,5.45,40,1743,
modern,6.75,40,1744,
mosque,4.275,40,1745,
full-time,5.35,40,1746,
dear,6.375,40,1747,
Cyprus,5.918918919,37,1748,
screening,4.076923077,39,1749,
reservation,6.125,40,1750,
North Carolina,5.4,40,1751,
kilometer,5.1,40,1752,
year,5.238095238,42,1754,
#nature,7.047619048,42,1755,
family,6.619047619,42,1756,
#sunset,7.595238095,42,1757,
ride,5.857142857,42,1758,
green,6.785714286,42,1759,
icymi,4.875,16,1760,
#relax,7.642857143,42,1761,
mistakes,2.547619048,42,1762,
begins,6.357142857,42,1763,
#Ecuador,5.463414634,41,1764,
birds,6.880952381,42,1765,
week's,5.523809524,42,1766,
#rio,5.25,40,1767,
hikes,6.634146341,41,1768,
#feature,5.692307692,39,1769,
Hanoi,4.580645161,31,1770,
searching,5.404761905,42,1771,
Twitter,4.547619048,42,1772,
allowance,5.45,40,1773,
#Australia,7.261904762,42,1775,
north,5.619047619,42,1776,
#Goa,4.470588235,17,1777,
#Phuket,4.870967742,31,1778,
relax,8.547619048,42,1779,
sounds,6.738095238,42,1780,
#sundaysun,7.459459459,37,1781,
requirements,3.404761905,42,1782,
#tours,6.666666667,42,1783,
crossing,4.853658537,41,1784,
caves,5.666666667,42,1785,
getaways,8,42,1786,
running,4.880952381,42,1787,
Panama,5.523809524,42,1788,
scenes,7.357142857,42,1789,
glamping,5.238095238,21,1790,
Guinea-Bissau,4.555555556,27,1791,
Libya,2.487804878,41,1792,
traveler's check,4.952380952,42,1793,
New Hampshire,5.785714286,42,1794,
central,5.348837209,43,1796,
#Bangladesh,4.23255814,43,1797,
#Buenos Aires,6.488372093,43,1798,
#destination,7.069767442,43,1799,
head,4.80952381,42,1800,
#PuertoRico,6.418604651,43,1801,
#weekend,7.790697674,43,1802,
pass,5.071428571,42,1803,
gift,7.279069767,43,1804,
African,5.395348837,43,1805,
minute,4.906976744,43,1806,
March,5.186046512,43,1807,
spending,4.488372093,43,1808,
bike,6.069767442,43,1809,
hand,4.785714286,42,1810,
#enjoy,7.488372093,43,1811,
including,6.325581395,43,1812,
Senegal,4.888888889,36,1813,
Idaho,5.11627907,43,1814,
Washington State,6.441860465,43,1815,
day,6.487179487,39,1817,
planning,6.358974359,39,1818,
):,1.684210526,38,1819,
valley,6.564102564,39,1820,
Cambodia,4.025641026,39,1821,
dishes,3.615384615,39,1822,
guess,4.41025641,39,1823,
trek,6.512820513,39,1824,
public,5.666666667,39,1825,
feeling,5.871794872,39,1826,
republic,4.717948718,39,1827,
#travelbug,6.305555556,36,1828,
#itinerary,6.384615385,39,1829,
#Georgia,5.736842105,38,1830,
toolbox,3.871794872,39,1831,
scuba diving,6.179487179,39,1832,
orange,5.435897436,39,1833,
ferry,6.552631579,38,1834,
Nevada,5.948717949,39,1835,
West Virginia,4.871794872,39,1836,
#travelpics,6.775,40,1838,
Thailand,6.4,40,1839,
European,6.85,40,1840,
experiences,7.625,40,1841,
Spain,7.1,40,1842,
show,6.15,40,1843,
inn,5.95,40,1844,
coffee,6.725,40,1845,
#Scotland,7.075,40,1846,
Puerto Rico,6.975,40,1847,
Morocco,6.525,40,1848,
round,5.225,40,1849,
Ubud,4.692307692,13,1850,
offers,6.820512821,39,1851,
Chile,6.205128205,39,1852,
#travelagent,4.307692308,39,1853,
king,5.175,40,1854,
dog,6.425,40,1855,
check point,3.775,40,1856,
tips,5.238095238,42,1858,
attractions,7.511627907,43,1859,
room,6.11627907,43,1860,
Prague,6.35,40,1861,
#California,6.88372093,43,1862,
Goa,5.555555556,18,1863,
breakfast,7.465116279,43,1864,
listing,4.904761905,42,1865,
tea,6.325581395,43,1866,
area,5.512195122,41,1867,
exciting,7.720930233,43,1868,
#Poland,5.093023256,43,1869,
common,4.595238095,42,1870,
Riviera,7.170731707,41,1871,
border,4.790697674,43,1872,
busy,4.674418605,43,1873,
suspended,1.953488372,43,1874,
#Vegas,6.348837209,43,1875,
Grenada,5.19047619,42,1876,
Delaware,4.534883721,43,1877,
stay,5.928571429,42,1879,
#backpacking,6.024390244,41,1880,
#traveling,7.292682927,41,1881,
small,4.571428571,42,1882,
#wildlife,7.658536585,41,1883,
forest,7.404761905,42,1884,
#sunrise,7.487804878,41,1885,
biggest,6.047619048,42,1886,
driving,5.476190476,42,1887,
middle,4.80952381,42,1888,
#life,6.195121951,41,1889,
happen,5.428571429,42,1890,
Laos,5.243243243,37,1891,
January,4.857142857,42,1892,
Belize,6.333333333,39,1893,
edition,4.928571429,42,1894,
Tajikistan,4.090909091,33,1895,
United Kingdom,6.523809524,42,1896,
rental car,4.785714286,42,1897,
border control,2.833333333,42,1898,
photo,7.023809524,42,1900,
resort,7.452380952,42,1901,
man,5.452380952,42,1902,
grand,6.976190476,42,1903,
created,6.166666667,42,1904,
#Belgium,6.666666667,42,1905,
essentials,5.785714286,42,1906,
weather,6.047619048,42,1907,
nights,7.071428571,42,1908,
#landscape,7.166666667,42,1909,
Angkor,5.45,20,1910,
#Nicaragua,5.095238095,42,1911,
tool,4.928571429,42,1912,
#blogging,4.833333333,42,1913,
swimming,7,42,1914,
overseas,7.023809524,42,1915,
technology,6.595238095,42,1916,
project,5.071428571,42,1917,
Wisconsin,5.023809524,42,1918,
#rtw,5.125,8,1920,
#Thailand,6.046511628,43,1921,
Europe,7.186046512,43,1922,
#UK,6.813953488,43,1923,
hours,4.720930233,43,1924,
discover,7.465116279,43,1925,
sunday,6.023255814,43,1926,
interesting,7.953488372,43,1927,
drink,6.558139535,43,1928,
Tokyo,7,43,1929,
heritage,6.860465116,43,1930,
#flights,5.720930233,43,1931,
language,5.837209302,43,1932,
giveaway,7.697674419,43,1933,
#businesstravel,4.511627907,43,1934,
dark,3.302325581,43,1935,
pro,6.139534884,43,1936,
highway,5.162790698,43,1937,
Qatar,3.945945946,37,1938,
Uzbekistan,3.666666667,39,1939,
top,6.725,40,1941,
park,6.904761905,42,1942,
#italy,7.341463415,41,1943,
book,6.261904762,42,1944,
sea,7.333333333,42,1945,
#Caribbean,7.952380952,42,1946,
Museum,6.571428571,42,1947,
west,6.25,40,1948,
getaway,7.833333333,42,1949,
#sailing,6.595238095,42,1950,
#Bangalore,4.62962963,27,1951,
#deal,7.476190476,42,1952,
unusual,5.976190476,42,1953,
#discount,7.571428571,42,1954,
moment,6.951219512,41,1955,
website,5.666666667,42,1956,
capture,5.56097561,41,1957,
#trek,5.833333333,36,1958,
sailing,6.714285714,42,1959,
touring,7.142857143,42,1960,
list,4.789473684,38,1962,
river,7.230769231,39,1963,
hot,5.282051282,39,1964,
flights,5.384615385,39,1965,
work,2.487179487,39,1966,
class,5.153846154,39,1967,
#gaytravel,4.333333333,33,1968,
women,7.051282051,39,1969,
traditional,5.333333333,39,1970,
cold,4.179487179,39,1971,
#diving,5.947368421,38,1972,
climb,5.743589744,39,1973,
#mumbai,5.057142857,35,1974,
Museums,6.871794872,39,1975,
whilst,4.722222222,36,1976,
pier,6.342105263,38,1977,
Cote d'Ivoire,5.583333333,24,1978,
police,3.128205128,39,1979,
Indiana,4.846153846,39,1980,
adventure,7.380952381,42,1982,
review,5.119047619,42,1983,
easy,7.095238095,42,1984,
temple,5.952380952,42,1985,
Hawaii,8.023809524,42,1986,
#Instagram,5.095238095,42,1987,
sights,7.5,42,1988,
mind,6.047619048,42,1989,
;),6.785714286,42,1990,
wonders,7.595238095,42,1991,
villa,7.30952381,42,1992,
#Delhi,5.179487179,39,1993,
page,5.071428571,42,1994,
case,4.80952381,42,1995,
routes,6.19047619,42,1996,
movies,6.357142857,42,1997,
villas,7.19047619,42,1998,
reality,5.714285714,42,1999,
Benin,5.25,20,2000,
Comoros,5.727272727,22,2001,
solo,4.41025641,39,2003,
bridge,5.897435897,39,2004,
#cheap,6.358974359,39,2005,
Amsterdam,6.692307692,39,2006,
visa,5.41025641,39,2007,
fit,6.051282051,39,2008,
bring,5.512820513,39,2009,
gallery,6.263157895,38,2010,
thought,5.846153846,39,2011,
doesn't,3.307692308,39,2012,
set,5.025641026,39,2013,
#USVI,5.384615385,13,2014,
barns,5.564102564,39,2015,
typical,4.512820513,39,2016,
Facebook,4.948717949,39,2017,
leaving,4.820512821,39,2018,
Estonia,5.277777778,36,2019,
Timor-Leste,3.909090909,11,2020,
Wednesday,5.076923077,39,2021,
#Vietnam,4.292682927,41,2023,
learn,7.341463415,41,2024,
unique,7.487804878,41,2025,
village,6.390243902,41,2026,
talk,6.43902439,41,2027,
#budgettravel,6.2,40,2028,
series,5.8,40,2029,
#Tanzania,5.512820513,39,2030,
cost,3.804878049,41,2031,
dreams,7.707317073,41,2032,
airline,5.12195122,41,2033,
#Corsica,6.172413793,29,2034,
signs,5.634146341,41,2035,
rooms,6.707317073,41,2036,
smart,6.926829268,41,2037,
sound,6.219512195,41,2038,
#luxuryhotel,8.097560976,41,2039,
Saint Maarten,7,35,2040,
Oklahoma,4.731707317,41,2041,
#travel,7.097560976,41,2043,
travelpics,6.731707317,41,2044,
video,6.390243902,41,2045,
eat,7.6,40,2046,
#Turkey,5.682926829,41,2047,
tip,5.829268293,41,2048,
wildlife,7.87804878,41,2049,
history,7.195121951,41,2050,
#Peru,6.512195122,41,2051,
Kerala,5.25,8,2052,
group,6.024390244,41,2053,
harbor,6.825,40,2054,
gate,4.5,40,2055,
#contest,5.585365854,41,2056,
#adventures,7.853658537,41,2057,
click,4.820512821,39,2058,
Eritrea,4.666666667,18,2059,
Monaco,6.625,40,2060,
senior citizen,4.292682927,41,2061,
December,6.12195122,41,2062,
city,6.609756098,41,2064,
Melbourne,7.076923077,39,2065,
highlights,6.609756098,41,2066,
end,2.804878049,41,2067,
fly,6.195121951,41,2068,
fantastic,8,41,2069,
cave,5.829268293,41,2070,
#cycling,5.902439024,41,2071,
Washington,6.073170732,41,2072,
#castles,7.195121951,41,2073,
fort,5.829268293,41,2074,
temples,6.341463415,41,2075,
fishing,5.365853659,41,2076,
wanted,5.536585366,41,2077,
Mumbai,5.55,40,2078,
test,3.125,40,2079,
Aurora Borealis,7.684210526,38,2080,
#freedom,7.219512195,41,2081,
Seychelles,6.28,25,2082,
unpacking,5.024390244,41,2083,
